"year","scenario","total_deaths_lci","total_deaths_uci","total_deaths","total_vials_lci","total_vials_uci","total_vials","total_cost_lci","total_cost_uci","total_cost","total_deaths_averted_lci","total_deaths_averted_uci","total_deaths_averted","total_YLL_lci","total_YLL_uci","total_YLL","total_YLL_averted_lci","total_YLL_averted_uci","total_YLL_averted","vaccinated_lci","vaccinated_uci","vaccinated","fully_vaccinated_lci","fully_vaccinated_uci","fully_vaccinated","RIG_lci","RIG_uci","RIG","cost_per_death_averted_lci","cost_per_death_averted_uci","cost_per_death_averted","cost_per_YLL_averted_lci","cost_per_YLL_averted_uci","cost_per_YLL_averted","deaths_averted_per_100k_vaccinated_lci","deaths_averted_per_100k_vaccinated_uci","deaths_averted_per_100k_vaccinated"
2023,"a1",212.28070800747,407.064538951277,305.060557919643,21441059.864671,28940089.7198596,25142251.4367528,5935145190.20674,7007105660.02524,6464217768.00852,1111.09350987589,2139.84253994906,1590.79939011207,4051.61425921485,7769.28108972424,5822.42125529261,21206.4598341918,40841.283358764,30362.1820043183,5612842.89651074,7575939.71724073,6581741.21380964,5107687.03582477,6894105.14268906,5989384.50456677,966110.583561911,1304008.62383006,1132882.20642698,2773636.4145504,6306494.99591439,4063502.7950024,145322.201020726,330423.16892174,212903.597214757,1.4666081718514e-09,3.81240412283641e-09,2.41698866369024e-09
2023,"a2",212.28070800747,407.064538951277,305.060557919643,21441059.864671,28940089.7198596,25142251.4367528,5935145190.20674,7007105660.02524,6464217768.00852,1111.09350987589,2139.84253994906,1590.79939011207,4051.61425921485,7769.28108972424,5822.42125529261,21206.4598341918,40841.283358764,30362.1820043183,5612842.89651074,7575939.71724073,6581741.21380964,5107687.03582477,6894105.14268906,5989384.50456677,966110.583561911,1304008.62383006,1132882.20642698,2773636.4145504,6306494.99591439,4063502.7950024,145322.201020726,330423.16892174,212903.597214757,1.4666081718514e-09,3.81240412283641e-09,2.41698866369024e-09
2023,"a3",216.815844485846,417.289617276535,306.466771881764,21299674.0088355,29168176.0784654,25255902.6530214,5914934569.44994,7039709818.81,6480463817.63618,1127.10237018051,2168.55972630182,1598.71465118859,4138.17240100617,7964.43812275404,5849.2604183702,21512.0068021326,41389.3829143169,30513.2535969468,5575830.89236532,7635648.18807994,6611492.84110509,5074006.11205244,6948439.85115274,6016458.48540563,959739.89234838,1314285.94437326,1138003.20527521,2727586.65473192,6245847.76419425,4053546.27407599,142909.465011713,327245.611418834,212381.934199394,1.47610568535628e-09,3.88921358657255e-09,2.41808422032771e-09
2023,"a4",216.815844485846,417.289617276535,306.466771881764,21299674.0088355,29168176.0784654,25255902.6530214,5914934569.44994,7039709818.81,6480463817.63618,1127.10237018051,2168.55972630182,1598.71465118859,4138.17240100617,7964.43812275404,5849.2604183702,21512.0068021326,41389.3829143169,30513.2535969468,5575830.89236532,7635648.18807994,6611492.84110509,5074006.11205244,6948439.85115274,6016458.48540563,959739.89234838,1314285.94437326,1138003.20527521,2727586.65473192,6245847.76419425,4053546.27407599,142909.465011713,327245.611418834,212381.934199394,1.47610568535628e-09,3.88921358657255e-09,2.41808422032771e-09
2023,"a5",212.28070800747,407.064538951277,305.060557919643,21441059.864671,28940089.7198596,25142251.4367528,5935179541.29243,7007140011.11093,6464252119.09421,1111.09350987589,2139.84253994906,1590.79939011207,4051.61425921485,7769.28108972424,5822.42125529261,21206.4598341918,40841.283358764,30362.1820043183,5612842.89651074,7575939.71724073,6581741.21380964,5107687.03582477,6894105.14268906,5989384.50456677,966110.583561911,1304008.62383006,1132882.20642698,2773652.46764078,6306525.91238127,4063524.38860238,145323.042108049,330424.78876239,212904.728592129,1.4666081718514e-09,3.81240412283641e-09,2.41698866369024e-09
2023,"a6",212.28070800747,407.064538951277,305.060557919643,21441059.864671,28940089.7198596,25142251.4367528,5935179541.29243,7007140011.11093,6464252119.09421,1111.09350987589,2139.84253994906,1590.79939011207,4051.61425921485,7769.28108972424,5822.42125529261,21206.4598341918,40841.283358764,30362.1820043183,5612842.89651074,7575939.71724073,6581741.21380964,5107687.03582477,6894105.14268906,5989384.50456677,966110.583561911,1304008.62383006,1132882.20642698,2773652.46764078,6306525.91238127,4063524.38860238,145323.042108049,330424.78876239,212904.728592129,1.4666081718514e-09,3.81240412283641e-09,2.41698866369024e-09
2023,"a7",216.815844485846,417.289617276535,306.466771881764,21299674.0088355,29168176.0784654,25255902.6530214,5914968920.53563,7039744169.89569,6480498168.72187,1127.10237018051,2168.55972630182,1598.71465118859,4138.17240100617,7964.43812275404,5849.2604183702,21512.0068021326,41389.3829143169,30513.2535969468,5575830.89236532,7635648.18807994,6611492.84110509,5074006.11205244,6948439.85115274,6016458.48540563,959739.89234838,1314285.94437326,1138003.20527521,2727602.495239,6245878.24153739,4053567.76076573,142910.294960924,327247.208251989,212383.059975299,1.47610568535628e-09,3.88921358657255e-09,2.41808422032771e-09
2023,"a8",216.815844485846,417.289617276535,306.466771881764,21299674.0088355,29168176.0784654,25255902.6530214,5914968920.53563,7039744169.89569,6480498168.72187,1127.10237018051,2168.55972630182,1598.71465118859,4138.17240100617,7964.43812275404,5849.2604183702,21512.0068021326,41389.3829143169,30513.2535969468,5575830.89236532,7635648.18807994,6611492.84110509,5074006.11205244,6948439.85115274,6016458.48540563,959739.89234838,1314285.94437326,1138003.20527521,2727602.495239,6245878.24153739,4053567.76076573,142910.294960924,327247.208251989,212383.059975299,1.47610568535628e-09,3.88921358657255e-09,2.41808422032771e-09
2024,"a1",212.588515742243,407.654783890711,305.502896746298,21472149.403581,28982052.8527851,25178707.7037981,5768086766.33636,6809874421.42554,6282267368.8105,1112.70459917178,2142.94531877043,1593.10605453459,3937.57218752729,7550.59667054983,5658.53571740335,20609.5548827518,39691.7108015989,29507.5680368479,5620981.51926205,7586924.83057203,6591284.73921415,5115093.18252847,6904101.59582054,5998069.11268488,967511.444002981,1305899.43646221,1134524.88573724,2691663.06569406,6120109.88944806,3943408.13088291,145322.200778103,330423.168290973,212903.596832021,1.46660817659358e-09,3.81240413516209e-09,2.41698867150523e-09
2024,"a2",199.271314708697,382.598283588512,286.565385691991,21838505.1402482,29476541.8358601,25608304.3797421,5811603724.72009,6868611474.90652,6333296297.24743,1125.98274532659,2168.39466767745,1612.0435655889,3690.91050769799,7086.4992645247,5307.77445182849,20855.4931867027,40163.0845637097,29858.3293024227,5687110.71360631,7676182.76975523,6668829.26555785,5232141.85651781,7062088.14817481,6135322.92431322,978893.931579486,1321262.95924412,1147872.23733414,2680141.12529839,6100103.66803117,3928737.67957617,144700.134161789,329343.037511378,212111.542916554,1.46685244359091e-09,3.81282302538899e-09,2.41728120693468e-09
2024,"a3",76.0027522645702,355.955057476187,198.827838750586,21328880.0884174,29194329.4677203,25279509.8944161,7840285136.80425,8931394778.96018,8388323788.63978,393.623575432047,1852.23537129297,1037.32625033432,1407.72572990419,6593.01246558073,3682.69642994125,7290.71011933454,34307.1706262835,19213.3943757375,5583476.4629365,7642494.62505768,6617672.74722933,5080963.58127221,6954670.10880249,6022082.19997869,961055.886182945,1315464.38733805,1139066.92161685,4232877.34286775,22690192.7029064,8086485.6027082,228531.96558266,1225037.70315523,436587.290334937,5.15045930345128e-10,3.31735144508665e-09,1.56750913796489e-09
2024,"a4",71.3533369190257,334.10871065585,186.49805098717,21692791.3778841,29692440.2938711,25710826.4475884,7883511735.58269,8990562047.06217,8439557009.83993,398.277021107885,1874.25387886555,1049.65603809774,1321.60909049421,6188.3736386032,3454.32365446073,7376.90140866816,34714.998220949,19441.7671512181,5649164.42132399,7732406.32652894,6695527.72072615,5197231.26761807,7113813.82040663,6159885.50306806,972362.426020391,1330940.43895379,1152467.70892999,4206213.3761486,22573639.8802351,8040307.20876402,227092.384836285,1218745.04605659,434094.130651656,5.15075132228171e-10,3.31775416518376e-09,1.56769724789355e-09
2024,"a5",212.588515742243,407.654783890711,305.502896746298,10752838.596864,14511905.5604478,12607771.1066908,4281084204.31469,4802548905.39952,4538403862.66075,1112.70459917178,2142.94531877043,1593.10605453459,3937.57218752729,7550.59667054983,5658.53571740335,20609.5548827518,39691.7108015989,29507.5680368479,2814879.21383874,3798928.15718529,3300463.64049497,2561540.08459325,3457024.62303861,3003421.91285042,484511.084681993,653890.509055518,568092.304120196,1997757.09012074,4316104.1205134,2848776.9848986,107858.394557844,233025.358030357,153804.741108904,2.9289961618969e-09,7.6129210384414e-09,4.82691593686417e-09
2024,"a6",199.271314708697,382.598283588512,286.565385691991,10936302.4891542,14759506.2897514,12822883.678083,4302876658.38771,4831959747.25205,4563955652.57471,1125.98274532659,2168.39466767745,1612.0435655889,3690.91050769799,7086.4992645247,5307.77445182849,20855.4931867027,40163.0845637097,29858.3293024227,2847995.4398839,3843621.42962276,3339292.62450079,2620155.80469319,3536131.71525294,3072149.21454073,490211.215090016,661583.338573818,574775.742992199,1984360.46838119,4291326.6364935,2831161.48347235,107135.114375047,231687.628002625,152853.684690402,2.9294839930089e-09,7.61375751277836e-09,4.82750015305978e-09
2024,"a7",76.0027522645702,355.955057476187,198.827838750586,10674619.0495928,14609306.2141416,12651725.5162965,6362306398.53946,6908133457.75408,6636574253.47803,393.623575432047,1852.23537129297,1037.32625033432,1407.72572990419,6593.01246558073,3682.69642994125,7290.71011933454,34307.1706262835,19213.3943757375,2794402.89256356,3824425.71050827,3311970.03044412,2542906.63223284,3480227.39656253,3013892.72770415,480986.597882502,658279.275421236,570072.841490195,3434934.07865232,17550100.8804455,6397769.50726843,185451.212746327,947525.459753791,345413.940071861,1.02923577349273e-09,6.6283762310085e-09,3.13205204394685e-09
2024,"a8",71.3533369190257,334.10871065585,186.49805098717,10856748.3675316,14858568.7839794,12867588.0335749,6383940327.41226,6937741698.57742,6662215124.46988,398.277021107885,1874.25387886555,1049.65603809774,1321.60909049421,6188.3736386032,3454.32365446073,7376.90140866816,34714.998220949,19441.7671512181,2827278.22071137,3869418.95416131,3350934.38374346,2601095.96305446,3559865.4378284,3082859.63304399,486645.263739944,666023.737485015,576779.580801844,3406123.57770673,17419387.3381867,6347045.96807124,183895.741165841,940468.269024889,342675.389158361,1.02929412872071e-09,6.62918090315844e-09,3.13242790783962e-09
2025,"a1",212.896769446528,408.245884010889,305.945876458833,21503284.0235304,29024076.8338898,25215216.8338512,5605730584.85379,6618194709.15274,6105438381.22883,1114.31802270631,2146.05259307584,1595.41606098491,3826.74008786439,7338.06761892875,5499.26310862074,20029.4511711275,38574.4955639232,28677.0091122829,5629131.94333258,7597925.87274602,6600842.10310241,5122510.06843264,6914112.54419888,6006766.31382319,968914.33574612,1307792.99084641,1136169.9469965,2612112.39786968,5939233.30170981,3826862.8043394,145322.20066402,330423.167994382,212903.596652057,1.46660817882338e-09,3.81240414095771e-09,2.41698867517989e-09
2025,"a2",186.228885968291,358.34504685554,268.011392021873,22239706.9318817,30018064.3127714,26078762.2948688,5690506251.62326,6732620741.1611,6204848165.21751,1140.91718856087,2197.03064229497,1633.35054542187,3347.39482100117,6441.1186682387,4817.40488839141,20507.561264315,39490.8070000014,29358.8673325122,5761582.10670511,7776700.59916358,6756156.03494011,5358271.35923575,7232331.55722213,6283225.1124943,991712.320116617,1338564.59063103,1162903.35751407,2590089.61553631,5901059.96181326,3798846.59946949,144096.985701585,328299.433286417,211344.943758992,1.46709671281878e-09,3.81324192141278e-09,2.41757374603968e-09
2025,"a3",19.2678367366949,248.515194614496,116.275201466859,21355043.4232746,29232078.40775,25306201.6205782,7618960849.33189,8679383005.44338,8150873644.30868,101.47478251887,1289.05961752252,606.506438704286,346.332184553208,4466.96800588875,2090.00341261399,1823.97139788358,23170.3662147844,10901.7272012693,5590325.50347501,7652376.5465314,6624660.110099,5087196.20816226,6963662.65734357,6028440.70019009,962234.777285637,1317165.31307172,1140269.62145079,5910479.81471562,85532412.9798392,13439055.4232563,328823.497164686,4758508.28336144,747668.098258751,1.32605579327988e-10,2.30587577900647e-09,9.15528387305025e-10
2025,"a4",16.8515012699245,218.01919557067,101.855893918616,22086389.5361998,30233189.315955,26172863.0373347,7703152084.63892,8794629073.68871,8250642131.45881,103.891196675052,1319.68970912368,620.925746252529,302.899455064369,3918.8137884064,1830.8217332604,1867.40554178526,23720.9306960109,11160.9088806228,5721862.57414501,7832432.46527332,6780534.46563074,5321332.19395486,7284162.19270418,6305897.05303659,984875.595574711,1348157.43808517,1167099.49489669,5837093.39504821,84652303.1320575,13287647.0032913,324740.718792048,4709544.27246742,739244.645728025,1.32642314039316e-10,2.30639882035418e-09,9.15747496602053e-10
2025,"a5",212.896769446528,408.245884010889,305.945876458833,10768430.2145147,14532947.8257795,12626052.3767677,4160583160.20308,4667370027.33326,4410659959.71192,1114.31802270631,2146.05259307584,1595.41606098491,3826.74008786439,7338.06761892875,5499.26310862074,20029.4511711275,38574.4955639232,28677.0091122829,2818960.78913998,3804436.60360721,3305249.31328997,2565254.31811738,3462037.30928256,3007776.87509387,485213.625830719,654838.65039589,568916.038050035,1938714.44419724,4188543.96341699,2764582.89945323,107858.394500803,233025.357882061,153804.741018921,2.92899616634368e-09,7.61292104999647e-09,4.82691594419204e-09
2025,"a6",186.228885968291,358.34504685554,268.011392021873,11137216.6142234,15030657.6496867,13058456.7575181,4203037180.27262,4724665477.67974,4460437566.13406,1140.91718856087,2197.03064229497,1633.35054542187,3347.39482100117,6441.1186682387,4817.40488839141,20507.561264315,39490.8070000014,29358.8673325122,2885289.27829621,3893952.7589862,3383019.88536738,2683319.02881548,3621376.06585717,3146208.49339166,496630.417026736,670246.6186405,582302.29776886,1913053.50929572,4141111.6644139,2730851.36478281,106430.774642627,230386.510457539,151928.121600064,2.92997182856916e-09,7.61459399867292e-09,4.82808437658503e-09
2025,"a7",19.2678367366949,248.515194614496,116.275201466859,10685674.9027337,14622240.1783163,12660106.9531913,6182629184.79079,6712577451.54778,6448431164.36411,101.47478251887,1289.05961752252,606.506438704286,346.332184553208,4466.96800588875,2090.00341261399,1823.97139788358,23170.3662147844,10901.7272012693,2797297.09495647,3827811.56500426,3314164.12387207,2545540.35641039,3483308.52415388,3015889.35272359,481484.762469383,658862.065626359,570450.49982148,4796232.15307401,66150202.8871016,10632090.2019445,266833.468555444,3680198.8558245,591505.460126845,2.65098688364398e-10,4.60823278244808e-09,1.83004346204702e-09
2025,"a8",16.8515012699245,218.01919557067,101.855893918616,11051627.1815092,15123007.9971733,13093677.6009261,6224756946.00948,6770224932.71501,6498343029.32182,103.891196675052,1319.68970912368,620.925746252529,302.899455064369,3918.8137884064,1830.8217332604,1867.40554178526,23720.9306960109,11160.9088806228,2863115.85013192,3917877.71947495,3392144.45619847,2662697.74062268,3643626.27911171,3154694.34426458,492813.815703956,674364.702464626,583872.864523162,4716833.73976064,65166492.9213467,10465571.879635,262416.219067505,3625471.15836584,582241.383638926,2.65172126630269e-10,4.60927806698034e-09,1.83048143812953e-09
2026,"a1",213.205469120325,408.837839311812,306.389497057248,21534463.7848959,29066161.7446767,25251778.897718,5447944281.85645,6431910254.007,5933586642.75702,1115.93378047948,2149.16436286529,1597.72940946304,3719.02759722027,7131.52065686661,5344.47357169469,19465.6757324143,37488.7267640751,27869.8280639792,5637294.18452773,7608942.86509862,6610413.32400995,5129937.70792023,6924138.00723974,6015476.12484906,970319.261511835,1309689.2906551,1137817.39339521,2534912.81355196,5763702.44051885,3713761.92214623,145322.200888325,330423.168577526,212903.597005895,1.46660817443924e-09,3.81240412956262e-09,2.41698866795494e-09
2026,"a2",173.70183881195,333.174647737274,249.398437963494,22644679.1337076,30564675.9042267,26553641.4747054,5571807666.29396,6599094967.8808,6078831531.53538,1155.89694213955,2225.75064809966,1654.72046855679,3029.95009881745,5811.69758328184,4350.35591402397,20162.7690185255,38824.6517266495,28863.9457216499,5836257.50868753,7877493.78974916,6843722.02956325,5486082.05816628,7404844.16236421,6433098.70778945,1004565.82368284,1355913.61856057,1177975.65433857,2503338.66960845,5709068.62653862,3673630.46934278,143512.109407267,327291.105790954,210602.929694946,1.46734097543015e-09,3.81366080024148e-09,2.41786627424199e-09
2026,"a3",0,201.414431277353,58.2892998706738,21374745.505002,29263678.377557,25335900.0354315,7403036102.57803,8433672427.16584,7920534452.77556,0,1059.05128688678,304.027257555933,0,3513.35184547333,1016.76338668096,0,18473.451825857,5303.26809074299,5595483.11649267,7660648.78993639,6632434.56424909,5091889.63600833,6971190.39884211,6035515.45346667,963122.531426301,1318589.1729678,1141607.79937137,6990252.6858168,Inf,26052053.7416563,400739.188992071,Inf,1493519.52744027,0,1.89268962990028e-09,4.58394658267321e-10
2026,"a4",0,163.587948292018,47.4455985841695,22476726.5328854,30772375.5627751,26642099.5013789,7525980808.61696,8601993230.55994,8066263195.20006,0,1096.82783805687,314.870958842437,0,2853.52949331382,827.612402389072,0,19132.4031975504,5492.41907503487,5792970.75589829,7931024.6295812,6866520.49004612,5445392.51054439,7455163.15180633,6454529.26064335,997115.091358994,1365127.61436666,1181899.83934919,6861588.07014776,Inf,25617679.1433994,393363.067404964,Inf,1468617.57724648,0,1.89337713631663e-09,4.58559701815326e-10
2026,"a5",213.205469120325,408.837839311812,306.389497057248,10784044.4380407,14554020.5997527,12644360.1523872,4043473884.85685,4535996059.63765,4286511692.5529,1115.93378047948,2149.16436286529,1597.72940946304,3719.02759722027,7131.52065686661,5344.47357169469,19465.6757324143,37488.7267640751,27869.8280639792,2823048.28220961,3809953.03658449,3310041.9247087,2568973.93681074,3467057.26329188,3012138.15148492,485917.185575328,655788.166422105,569740.966290485,1881416.77515351,4064753.78645558,2682877.12998505,107858.394612955,233025.358173633,153804.741195841,2.92899615760062e-09,7.6129210272774e-09,4.82691592978432e-09
2026,"a6",173.70183881195,333.174647737274,249.398437963494,11340018.8879723,15304357.2330754,13296243.7032063,4105502280.6118,4619708859.11413,4359240377.98318,1155.89694213955,2225.75064809966,1654.72046855679,3029.95009881745,5811.69758328184,4350.35591402397,20162.7690185255,38824.6517266495,28863.9457216499,2922685.28040524,3944421.96728747,3426866.93381607,2747324.16358092,3707756.64925022,3221254.91778711,503067.203889752,678933.631119356,589849.470983091,1844547.26953222,3996644.24283633,2634427.05932393,105744.729135426,229120.754935473,151027.181800493,2.93045965093446e-09,7.61543045028459e-09,4.82866857836858e-09
2026,"a7",0,201.414431277353,58.2892998706738,2836323.59644219,14632492.4149188,12377297.189732,4981115251.15771,6522205823.44377,6227579648.3117,0,1059.05128688678,304.027257555933,0,3513.35184547333,1016.76338668096,0,18473.451825857,5303.26809074299,742493.088073873,3830495.39657561,3240130.1543801,675668.710147224,3485750.8108838,2948518.44048589,127801.622784715,659324.020135577,557707.402822675,4703374.9100106,Inf,20483622.7461151,269636.411111091,Inf,1174290.93565572,0,1.42634497734396e-08,9.38318039924847e-10
2026,"a8",0,163.587948292018,47.4455985841695,2982551.05872874,15386874.6847856,13015412.2342534,4997429408.94332,6606369982.41109,6298772222.94104,0,1096.82783805687,314.870958842437,0,2853.52949331382,827.612402389072,0,19132.4031975504,5492.41907503487,768698.72647648,3965689.35174886,3354487.68924058,722576.802887891,3727747.99064393,3153218.42788614,132312.268294764,682594.279669773,577391.193510534,4556256.90335936,Inf,20004297.1447645,261202.388290832,Inf,1146812.02160471,0,1.42686308729097e-08,9.38655878369674e-10
2027,"a1",213.514616877234,409.430653846469,306.833761578917,21565688.7634812,29108307.6874399,25288393.9842721,5294599247.17661,6250869214.08978,5766572077.06535,1117.55188355403,2152.28064944438,1600.04611580796,3614.34693282745,6930.78745417408,5194.04095733791,18917.7691048735,36433.5195298407,27085.3670612075,5645468.26269141,7619975.83440836,6619998.42520211,5137376.11904918,6934178.00931161,6024198.56693392,971726.224715759,1311588.34049754,1139467.22893791,2459994.81923671,5593359.29371871,3604003.67220257,145322.200970458,330423.168791053,212903.597135459,1.46660817283392e-09,3.81240412539014e-09,2.41698866530941e-09
2027,"a2",160.584200143921,308.891712050704,230.726386797932,23053435.6938846,31116395.4367428,27032958.2751488,5455463646.57775,6467996080.98831,5955205157.82222,1170.92212026936,2254.55489177737,1676.15349058895,2718.34790394912,5228.87766821233,3905.70547647777,19821.2133476967,38164.8042516545,28373.7025420676,5911137.3574063,7978562.93249816,6931527.76285868,5615580.48953598,7579634.78587326,6584951.37471574,1017454.51764356,1373310.14475625,1193089.21618205,2419751.97253989,5523848.22954782,3552899.65463112,142944.887404767,326316.858989861,209884.668699577,1.46758524082073e-09,3.81407968629345e-09,2.4181588070242e-09
2027,"a3",0,118.096041157694,25.6896295731124,21400414.3181744,29304675.1152207,25368699.2529843,7193985409.09865,8196105135.29282,7697093380.15879,0,616.650877461719,133.960141345889,0,1999.11402029584,434.870620152622,0,10438.5837380896,2267.65939061229,5602202.70109278,7671380.92021484,6641020.74685452,5098004.45799443,6980956.63739551,6043328.87963761,964279.139925594,1320436.44089198,1143085.69605233,11666220.9883018,Inf,57458086.4339688,689172.553442128,Inf,3394289.90615759,0,1.10072932088201e-09,2.0171619161006e-10
2027,"a4",0,88.7709497172632,19.3179021422868,22876759.50058,31326309.6165479,27118803.54392,7353616980.98974,8414696760.80297,7886325479.98533,0,645.902678538626,140.331868776715,0,1502.70278694433,327.010868753687,0,10933.7543219507,2375.51914201123,5865835.7693795,8032387.08116613,6953539.37023591,5572543.98091052,7630767.72710782,6605862.40172411,1009656.98180445,1382574.62634572,1196877.96410186,11385023.2013707,Inf,56197680.1757941,672561.021992833,Inf,3319832.42757976,0,1.10112642755927e-09,2.01813581983004e-10
2027,"a5",213.514616877234,409.430653846469,306.833761578917,10799681.3055107,14575123.9337221,12662694.4781694,3929660928.08454,4408319923.52897,4165857872.79801,1117.55188355403,2152.28064944438,1600.04611580796,3614.34693282745,6930.78745417408,5194.04095733791,18917.7691048735,36433.5195298407,27085.3670612075,2827141.70301328,3815477.46956075,3314841.48643177,2572698.94974208,3472084.49730029,3016505.75265291,486621.76563116,656739.059448145,570567.090852068,1825812.50688612,3944622.15884748,2603586.12895005,107858.394654021,233025.358280397,153804.741260623,2.92899615439921e-09,7.61292101895847e-09,4.8269159245087e-09
2027,"a6",160.584200143921,308.891712050704,230.726386797932,11544716.2954813,15580614.4668769,13536252.705182,4010218719.02681,4517039778.64278,4260312391.00844,1170.92212026936,2254.55489177737,1676.15349058895,2718.34790394912,5228.87766821233,3905.70547647777,19821.2133476967,38164.8042516545,28373.7025420676,2960183.66550802,3995029.35048126,3470834.02696974,2812174.48223262,3795277.8829572,3297292.32562125,509521.613425568,687644.426951587,597417.306892166,1778718.5992466,3857677.38131351,2541719.72610426,105076.360213559,227889.165986282,150150.033633855,2.9309474788422e-09,7.61626691629774e-09,4.82925278928516e-09
2027,"a7",0,118.096041157694,25.6896295731124,2199247.61464747,14584270.9392463,9680420.76102661,4759618880.25924,6329819624.09013,5708098615.121,0,616.650877461719,133.960141345889,0,1999.11402029584,434.870620152622,0,10438.5837380896,2267.65939061229,575719.270850122,3817871.97362469,2534141.56047817,523904.536473611,3474263.49599847,2306068.82003514,99095.6794950772,657151.21346015,436189.116097305,7718498.51223914,Inf,42610425.4427629,455964.046433978,Inf,2517176.36200194,0,1.07109646781696e-08,5.28621381832403e-10
2027,"a8",0,88.7709497172632,19.3179021422868,2350966.5754362,15590392.4946486,10348241.5957879,4776023672.63776,6438607709.23203,5780307534.05475,0,645.902678538626,140.331868776715,0,1502.70278694433,327.010868753687,0,10933.7543219507,2375.51914201123,602811.942419539,3997536.53708939,2653395.28097126,572671.345298563,3797659.71023492,2520725.5169227,103759.005588963,688075.976446511,456715.662737178,7394339.47455313,Inf,41190269.7829238,436814.613901591,Inf,2433281.81694249,0,1.07148288394243e-08,5.28876604941225e-10
2028,"a1",213.824212717256,410.02432761486,307.278670023839,21596959.0045687,29150514.7233068,25325062.1466176,5145570460.5669,6074923989.97851,5604258519.81809,1119.17233192996,2155.40145281312,1602.36618001968,3512.61274574899,6735.70434771855,5047.84261382869,18385.2845656218,35408.0135226252,26322.986511995,5653654.18967767,7631024.79667717,6629597.42058053,5144825.31260668,6944232.56497622,6032933.65272828,973135.22739827,1313490.14312806,1141119.45601742,2387290.98648939,5428050.54830349,3497489.26911903,145322.201068381,330423.169045632,212903.597289932,1.46660817091997e-09,3.81240412041545e-09,2.41698866215525e-09
2028,"a2",147.375624898549,283.911401784469,211.995098899801,23465990.5660974,31673241.7443259,27516729.0585978,5341430582.55198,6339286364.71965,5833928343.25328,1185.99282601747,2283.44355852534,1697.64975114372,2421.02375522784,4663.97512189276,3482.5648459954,19482.9830733179,37511.4344907267,27888.2642798282,5986222.08318813,8079908.60824641,7019573.73943821,5746773.1998606,7756712.26391656,6738790.78986068,1030378.47606876,1390754.26919441,1208244.1299008,2339199.74181517,5345130.44737953,3436473.47712501,142394.729902224,325375.551621833,209189.366706948,1.46782950590188e-09,3.81449857154185e-09,2.41845133929683e-09
2028,"a3",0,53.6507313809661,10.4945260508736,21427954.7550762,29345514.7449014,25403635.2046026,6991064576.274,7965203457.99545,7480213368.59897,0,279.584647658547,54.7228455078411,0,881.351276699117,172.399587017951,0,4592.89705502046,898.963509191881,5609412.23954874,7682071.92274905,6650166.28392739,5104565.13798935,6990685.44970164,6051651.31837392,965520.081732326,1322276.62970318,1144659.871621,25005180.4876357,Inf,136692697.52296,1522147.02235316,Inf,8320931.04126471,0,4.98420575488028e-10,8.22879356266613e-11
2028,"a4",0,36.9088393173225,7.2414687295521,23282360.4483858,31885117.3452455,27602101.9408186,7185392019.84289,8231334263.56097,7710595761.27682,0,296.241080485567,57.9759028291625,0,606.322631891379,118.959752191407,0,4866.52181202713,952.403344018424,5939377.66540455,8133958.50644017,7041352.53592312,5701802.55878836,7808600.16618257,6759698.43448619,1022315.38065776,1400057.60792101,1211992.80524577,24255218.1083912,Inf,132996562.106115,1476494.36237703,Inf,8095935.20403228,0,4.98774614402954e-10,8.23363161173721e-11
2028,"a5",213.824212717256,410.02432761486,307.278670023839,10815340.8395659,14596257.8582512,12681055.3806662,3819051498.17185,4284237525.33133,4048600131.71734,1119.17233192996,2155.40145281312,1602.36618001968,3512.61274574899,6735.70434771855,5047.84261382869,18385.2845656218,35408.0135226252,26322.986511995,2831241.05747799,3821009.91053696,3319648.00541,2576429.36230498,3477119.01858864,3020879.6849231,487327.3670184,657691.330851175,571394.412931196,1771851.59320896,3828040.95768108,2526638.53131723,107858.394702982,233025.358407686,153804.741337859,2.92899615058231e-09,7.61292100904014e-09,4.82691591821881e-09
2028,"a6",147.375624898549,283.911401784469,211.995098899801,11751315.8244498,15859438.781617,13778491.9565723,3917134472.52483,4416609163.58086,4163603038.06316,1185.99282601747,2283.44355852534,1697.64975114372,2421.02375522784,4663.97512189276,3482.5648459954,19482.9830733179,37511.4344907267,27888.2642798282,2997784.64909435,4045775.19939208,3514921.41749294,2877873.26313057,3883944.1914164,3374324.56079322,515993.682725364,696379.056195362,605005.848985972,1715450.53430378,3723976.28947869,2452568.93258347,104425.077998369,226690.602099298,149295.882894896,2.93143530613286e-09,7.61710338070877e-09,4.82983699918558e-09
2028,"a7",0,53.6507313809661,10.4945260508736,2178791.94312497,14447347.2575224,7749377.90255296,4622739238.69454,6132203867.9065,5308117610.82232,0,279.584647658547,54.7228455078411,0,881.351276699117,172.399587017951,0,4592.89705502046,898.963509191881,570364.383017007,3782028.07788545,2028632.9587835,519031.588545476,3441645.55087576,1846055.99249298,98173.9694268023,650981.582906033,349178.44803061,16534310.0109711,Inf,97000029.1754151,1006497.46408783,Inf,5904708.65229449,0,4.90186021398553e-09,2.69752323952463e-10
2028,"a8",0,36.9088393173225,7.2414687295521,2367347.69798118,15697641.2456234,8420020.09245668,4642498430.51734,6263225054.52914,5378395750.48918,0,296.241080485567,57.9759028291625,0,606.322631891379,118.959752191407,0,4866.52181202713,952.403344018424,603915.229076831,4004500.31776106,2147964.30930017,579758.619913758,3844320.30505062,2062045.73692817,103948.908804849,689274.617194623,369718.356738292,15671352.6122301,Inf,92769504.018552,953966.428146662,Inf,5647182.76586094,0,4.90534211131607e-09,2.69910922533213e-10
2029,"a1",214.134258753988,410.618864669974,307.724225429388,21628274.5990564,29192782.9749472,25361783.4913297,5000736450.98238,5903931168.97334,5446513670.53321,1120.79513667002,2158.52679427713,1604.6896179372,3413.74212405436,6546.11234751412,4905.75939157486,17867.7881472547,34411.372969467,25582.0650869247,5661851.98928178,7642089.78401758,6639210.33804443,5152285.31024642,6954301.703456,6041681.40762043,974546.273655127,1315394.70407403,1142774.0794359,2316735.87015031,5267627.39755854,3394122.83201197,145322.200756695,330423.168235316,212903.59679825,1.46660817701201e-09,3.81240413624967e-09,2.4169886721948e-09
2029,"a2",147.492939860441,284.097760798016,212.096847557888,23619914.2988155,31881000.4401486,27697223.363183,5198771962.75819,6171229778.0291,5678734403.17879,1187.91017244555,2287.00568218893,1700.3169958087,2351.34193254271,4529.10477300093,3381.26158373998,18937.7403637638,36459.5916630487,27106.5628947596,5994902.10629836,8091624.47719509,7029752.12263528,5815055.04310941,7848875.74287923,6818859.55895622,1031872.52504661,1392770.8631372,1209996.0841086,2273178.41982026,5195030.66913249,3339809.23391164,142589.966744665,325869.383542577,209496.660466556,1.46807377899639e-09,3.81491747761179e-09,2.41874388477199e-09
2029,"a3",0,68.7843875501262,6.13188471814232,21464648.3777534,29386018.9393441,25439937.9655185,6794956250.96517,7740759956.23706,7269601843.21504,0,362.614386498422,31.9835844363116,0,1096.56512985581,97.7549005188211,0,5780.82186932984,509.884359951593,5619017.89993545,7692675.11501155,6659669.62448127,5113306.28894126,7000334.35466051,6060299.35827796,967173.456026389,1324101.70417136,1146295.63411384,18738793.8922681,Inf,227291655.120485,1175430.83052184,Inf,14257354.0477006,0,6.4533410100471e-10,4.80257824183025e-11
2029,"a4",0,47.1801086012237,4.22705415680449,23441220.5566719,32092030.5386247,27782574.6922478,6991493547.8775,8009827896.58773,7502538183.6278,0,384.217899799396,33.8884149976494,0,752.148325478801,67.3879692101056,0,6125.22646769833,540.251291260308,5949548.36463754,8145185.41589458,7051414.89650958,5771061.91369841,7900829.85341775,6839872.4496143,1024066.01226324,1401990.03971086,1213724.78906171,18196688.7839631,Inf,221389468.470219,1141426.1308945,Inf,13887126.7963576,0,6.45793388424372e-10,4.80590285708816e-11
2029,"a5",214.134258753988,410.618864669974,307.724225429388,10831023.0858222,14617422.4348826,12699442.9133483,3711555442.64955,4163647729.72737,3934642897.29361,1120.79513667002,2158.52679427713,1604.6896179372,3413.74212405436,6546.11234751412,4905.75939157486,17867.7881472547,34411.372969467,25582.0650869247,2835346.35754509,3826550.37562372,3324461.49564092,2580165.18536603,3482160.84181759,3025259.96103324,488033.991792448,658644.983404233,572222.934937194,1719485.46225599,3714905.2431633,2451965.07368916,107858.39454714,233025.358002528,153804.741092018,2.92899616273137e-09,7.61292104060978e-09,4.82691593823929e-09
2029,"a6",147.492939860441,284.097760798016,212.096847557888,11828397.8633587,15963467.8023079,13868871.1335797,3810727810.28492,4297489600.44513,4050923124.13715,1187.91017244555,2287.00568218893,1700.3169958087,2351.34193254271,4529.10477300093,3381.26158373998,18937.7403637638,36459.5916630487,27106.5628947596,3002131.43740068,4051641.57418982,3520018.05420803,2912067.49427866,3930092.32696413,3414417.51258179,516741.873662592,697388.805957424,605883.107580558,1666252.00801321,3617689.03081105,2382451.70407796,104519.212543651,226927.263649052,149444.366660013,2.93192314940417e-09,7.61793988663294e-09,4.83042123541395e-09
2029,"a7",0,68.7843875501262,6.13188471814232,2150947.72007473,14125115.1275435,5117560.1097808,4488919751.0294,5918623337.48247,4843130296.85269,0,362.614386498422,31.9835844363116,0,1096.56512985581,97.7549005188211,0,5780.82186932984,509.884359951593,563075.319391291,3697674.11715798,1339675.42140859,512398.540646074,3364883.44661376,1219104.63348181,96919.3393502259,636462.157415817,230591.631909953,12379320.6176307,Inf,151425500.99401,776519.299936464,Inf,9498487.65181282,0,6.43989132555879e-09,2.38741294534484e-10
2029,"a8",0,47.1801086012237,4.22705415680449,2349017.74419002,15425826.3758143,5588810.6403704,4508614527.44798,6047957482.48622,4889988340.50949,0,384.217899799396,33.8884149976494,0,752.148325478801,67.3879692101056,0,6125.22646769833,540.251291260308,596197.397002543,3915184.35934374,1418479.85796203,578311.475092467,3797728.82856343,1375925.46222317,102620.476959063,673901.107852041,244155.845551715,11734524.9396293,Inf,144296755.715742,736073.115210413,Inf,9051321.89337675,0,6.44447462754952e-09,2.38906564710322e-10
2030,"a1",214.444752873833,411.214260958823,308.17042475819,21659635.5918939,29235112.5030732,25398558.0711464,4859979113.01713,5737751319.65695,5293208898.22386,1122.42028671145,2161.65665253078,1607.01641372151,3317.65442203882,6361.85680923663,4767.67539769142,17364.8577439672,33442.7849415264,24861.9984393318,5670061.67327064,7653170.81232283,6648837.19139959,5159756.12267629,6964385.43921377,6050441.84417363,975959.365511709,1317302.02607107,1144431.10156965,2248265.98031989,5111945.48743219,3293811.34693323,145322.200932567,330423.168692546,212903.597075687,1.46660817357451e-09,3.81240412731504e-09,2.41698866652987e-09
2030,"a2",147.658544198092,284.349641705101,212.301415766476,23714199.1158555,32008261.4562443,27807783.7828536,5056176416.51595,6002568805.44763,5523274108.00893,1189.73160825277,2290.44757685417,1702.88542271323,2284.41132527421,4399.14632354334,3284.49505704225,18406.2248120448,35435.2971101563,26345.178779981,6003594.7128748,8103357.33069476,7039945.26148192,5853504.84505293,7900773.39742739,6863946.62994487,1033368.73995357,1394790.38054584,1211750.57813258,2207505.84628546,5045313.3831276,3243479.58725763,142687.569425424,326116.238758511,209650.280005157,1.46819590905387e-09,3.81512691378429e-09,2.41889014681737e-09
2030,"a3",0,84.4177853661876,6.67562926168454,21495310.5628913,29424943.3979008,25476881.1718797,6603642948.94228,7522451281.80885,7064988427.29579,0,442.047689791394,34.7991369011848,0,1306.01954659918,103.278026825631,0,6838.87786077612,538.374144744287,5627044.64997154,7702864.76384839,6669340.62091093,5120610.6314741,7009606.93510203,6069099.96502894,968555.060376351,1325855.5974774,1147960.25437429,14938756.8387895,Inf,203021944.117679,965603.288050659,Inf,13122822.6620197,0,7.85577007628028e-10,5.21777772034559e-11
2030,"a4",0,58.4798756540599,4.60146582919443,23534286.7419398,32216099.1005659,27893536.3615745,6798351763.52119,7788988293.74427,7295763103.36437,0,468.504062308327,36.8733003336749,0,904.736606813223,71.1888411887097,0,7248.18188941583,570.463330381208,5958047.27644045,8155974.45583947,7061654.77508216,5809096.09452944,7952075.09444348,6885113.4057051,1025528.88745731,1403847.10321137,1215487.32816102,14510763.7488256,Inf,197860322.708934,937938.902091917,Inf,12789188.5679821,0,7.86338275899395e-10,5.22162319004697e-11
2030,"a5",214.444752873833,411.214260958823,308.17042475819,10846728.0665872,14638617.6937648,12717857.1024017,3607085095.91912,4046452196.42081,3823893236.44041,1122.42028671145,2161.65665253078,1607.01641372151,3317.65442203882,6361.85680923663,4767.67539769142,17364.8577439672,33442.7849415264,24861.9984393318,2839457.60905424,3832098.87271331,3329281.96397951,2583906.42423936,3487209.97416911,3029646.58722135,488741.640958461,659600.018465778,573052.658049972,1668666.98820837,3605113.20432064,2379498.55632468,107858.394635076,233025.358231143,153804.741230737,2.92899615587612e-09,7.61292102279626e-09,4.82691592694251e-09
2030,"a6",147.658544198092,284.349641705101,212.301415766476,11875613.8825739,16027189.9911716,13924232.2140555,3705336924.27609,4179051718.06473,3939094125.17135,1189.73160825277,2290.44757685417,1702.88542271323,2284.41132527421,4399.14632354334,3284.49505704225,18406.2248120448,35435.2971101563,26345.178779981,3006484.5272339,4057516.45346115,3525122.07950771,2931322.41405305,3956078.54212462,3436994.02752002,517491.149250135,698400.019552001,606761.637935265,1617734.87493008,3512600.39581705,2313187.99998602,104566.272232951,227045.565331247,149518.595340282,2.93216705809758e-09,7.6183581059753e-09,4.83071333220617e-09
2030,"a7",0,84.4177853661876,6.67562926168454,2153630.60461634,13928917.3218967,4181537.72073744,4362518159.55221,5726923269.20155,4597492211.35762,0,442.047689791394,34.7991369011848,0,1306.01954659918,103.278026825631,0,6838.87786077612,538.374144744287,563777.645187524,3646313.43505148,1094643.382392,513037.657120646,3318145.22589685,996125.477976719,97040.2271779025,627621.700008236,188415.492194223,9868885.77929433,Inf,132115121.832263,637899.703483975,Inf,8539585.81822554,0,7.8408162076799e-09,3.1790387135162e-10
2030,"a8",0,58.4798756540599,4.60146582919443,2357917.09251958,15250169.7195389,4578184.96988654,4382026175.53731,5853094183.18668,4635369414.86858,0,468.504062308327,36.8733003336749,0,904.736606813223,71.1888411887097,0,7248.18188941583,570.463330381208,596941.036080907,3860802.46064275,1159034.16959153,582017.510178885,3764282.39912668,1130058.31535174,102748.475835426,664540.623538133,199498.756440942,9353229.83955998,Inf,125710727.624651,604569.013635844,Inf,8125622.04790801,0,7.84841439925446e-09,3.18138164525986e-10
2031,"a1",214.75569719039,411.810520534395,308.61727104762,21691042.0588848,29277503.409979,25435385.9749413,4723183717.01439,5576248987.91063,5144219244.54907,1124.04779311701,2164.79104887969,1609.34658321162,3224.27133131831,6182.78757055362,4633.4780981683,16876.0834836701,32501.4600707396,24162.1997380775,5678283.26148816,7664267.90837146,6658478.00391133,5167237.76795423,6974483.79661803,6059214.98355931,977374.50638365,1319212.11372844,1146090.52642324,2181819.68160793,4960864.67324273,3196464.51436411,145322.201117561,330423.169173488,212903.597367512,1.46660816995873e-09,3.81240411791705e-09,2.41698866057116e-09
2031,"a2",147.87264869118,284.761947922988,212.609252249975,23748584.6995181,32054673.4285418,27848105.0634174,4913858592.10396,5833612571.01915,5367808735.10747,1191.45671589404,2293.76871969795,1705.35460200926,2220.11126176731,4275.32213091638,3192.04531367978,17888.1388564892,34437.888355717,25603.6325225661,6012299.92392864,8115107.19709919,7050153.180612,5861992.42583043,7912229.51717171,6873899.3510967,1034867.12440622,1396812.8263007,1213507.61621284,2142264.19163612,4896201.84535342,3147620.28306786,142687.569613664,326116.239247714,209650.280302082,1.46819590543418e-09,3.81512690437959e-09,2.41889014085397e-09
2031,"a3",0,77.2093831519795,4.09679813444765,21526234.3148976,29467413.520573,25513513.1721305,6417740596.99146,7310692380.01848,6866093124.08812,0,399.49029442146,21.3440301299546,0,1159.19625817889,61.5079783582524,0,5997.81575201286,320.452241049493,5635139.87300984,7713982.59700865,6678930.14977238,5127977.28443896,7019724.16327787,6077826.43629287,969948.45064182,1327769.25451011,1149610.85202957,16064822.3163609,Inf,321686817.451224,1070012.96177491,Inf,21426260.2801635,0,7.08927024748516e-10,3.19572590988723e-11
2031,"a4",0,53.199319425658,2.82533266285654,23568143.8218235,32262597.8027832,27933643.1558127,6606966731.35602,7569725365.93934,7090369390.94454,0,423.272024678672,22.6154956015457,0,798.717066480089,42.4186143858595,0,6354.86682018311,339.541605021886,5966618.68906925,8167746.27918563,7071808.39387664,5817453.22184252,7963552.62220599,6895013.18402972,1027004.24185604,1405873.32830483,1217235.01979602,15609268.6172012,Inf,313518196.367093,1039670.36891666,Inf,20882181.4059797,0,7.09400159011501e-10,3.19797912244456e-11
2031,"a5",214.75569719039,411.810520534395,308.61727104762,10862455.8199296,14659843.6862525,12736297.9924462,3505555309.53225,3932555403.37911,3716260881.80596,1124.04779311701,2164.79104887969,1609.34658321162,3224.27133131831,6182.78757055362,4633.4780981683,16876.0834836701,32501.4600707396,24162.1997380775,2843574.8219711,3837655.41524934,3334109.42210634,2587653.0879937,3492266.4278769,3034039.57411677,489450.316231776,660556.438349793,573883.584280053,1619350.42707536,3498566.01068007,2309173.7482611,107858.394727572,233025.358471614,153804.741376649,2.92899614866537e-09,7.61292100405893e-09,4.82691591505988e-09
2031,"a6",147.87264869118,284.761947922988,212.609252249975,11892833.5201262,16050429.4131899,13944422.3477506,3601041612.17314,4061422603.77089,3828219174.18401,1191.45671589404,2293.76871969795,1705.35460200926,2220.11126176731,4275.32213091638,3192.04531367978,17888.1388564892,34437.888355717,25603.6325225661,3010843.92914587,4063399.85144048,3530233.50575965,2935572.83091723,3961814.85515447,3441977.66811566,518241.511304234,699412.699429192,607641.44217888,1569923.58525464,3408787.36893374,2244822.96507341,104566.27232707,227045.565575848,149518.595488744,2.93216705087901e-09,7.61835808722459e-09,4.83071332031419e-09
2031,"a7",0,77.2093831519795,4.09679813444765,2154038.45077692,13677147.5197077,3755735.06064727,4239419671.34703,5535144213.33479,4419523634.0721,0,399.49029442146,21.3440301299546,0,1159.19625817889,61.5079783582524,0,5997.81575201286,320.452241049493,563884.411198146,3580405.10987112,983176.717446931,513134.814190313,3258168.64998272,894690.812876707,97058.6042774808,616277.229536566,169229.292490553,10612071.7588059,Inf,207061347.232155,706827.259560997,Inf,13791520.4449749,0,7.08461320242246e-09,2.17092509934326e-10
2031,"a8",0,53.199319425658,2.82533266285654,2358363.62565813,14974517.8418727,4111992.0359104,4258354723.49552,5655373033.50038,4452538383.27661,0,423.272024678672,22.6154956015457,0,798.717066480089,42.4186143858595,0,6354.86682018311,339.541605021886,597054.082445096,3791017.17515765,1041010.64200263,582127.730383968,3696241.74577871,1014985.37595257,102767.933940862,652528.831274011,179183.956754703,10060562.6528903,Inf,196879982.721771,670093.464424928,Inf,13113380.8564921,0,7.08934143696431e-09,2.17245575492287e-10
2032,"a1",215.067093817258,412.407647449679,309.064767335051,21722494.0758329,29319955.7979586,25472267.2915877,4590238761.08053,5419292530.67714,4999423266.8215,1125.67766694944,2167.93000462948,1611.68014224651,3133.51674562611,6008.75869186148,4503.05812357477,16401.0670203251,31586.6311869354,23482.0986543561,5686516.77377825,7675381.09894204,6668132.79884496,5174730.2641382,6984596.80003726,6068000.84694891,978791.699686581,1321124.9716554,1147752.35800119,2117337.16092234,4814248.9540219,3101994.70463962,145322.200836001,330423.168441496,212903.596923356,1.46660817546193e-09,3.81240413222075e-09,2.4169886696403e-09
2032,"a2",148.087064628037,285.174853895699,212.917536523025,23783020.1538608,32101152.7138105,27888484.8234045,4775546649.41428,5669412018.61399,5216719312.40442,1193.1843329363,2297.09469359049,1707.82737305854,2157.62108738428,4154.98328569475,3102.19780390606,17384.6357502349,33468.5542120673,24882.9589740248,6021017.76047109,8126874.10476216,7060375.90465937,5870492.31645931,7923702.25214311,6883866.50704288,1036367.68202109,1398838.20528219,1215267.20258949,2078950.71227988,4751497.20132693,3054594.03842546,142687.569327163,326116.23850315,209650.279850163,1.46819591094333e-09,3.8151269186935e-09,2.41889014993024e-09
2032,"a3",0,32.2597404400651,2.09108279028837,21557447.3604453,29510141.2781054,25550270.0105147,6237098412.25835,7104915995.55501,6672805071.98793,0,169.933753296191,10.8947732268543,0,470.022796534317,30.4669711370479,0,2475.92624305959,158.736298241677,5643310.82734171,7725167.87384957,6688552.35877348,5135412.85288095,7029902.76520311,6086582.64648387,971354.876156191,1329694.52028636,1151267.07475389,36703116.8986613,Inf,612477647.129014,2519097.01661829,Inf,42037046.0058765,0,3.01124213241747e-10,1.62886864637659e-11
2032,"a4",0,22.1132223783593,1.44225171598535,23602317.6367056,32309378.5782767,27973886.6299291,6420998338.03503,7356657897.08741,6890766534.67619,0,180.080271357896,11.5436043011574,0,322.188538434524,21.0135350007943,0,2623.76050115939,168.189734377931,5975270.28777357,8179589.51348778,7081996.61517192,5825888.53057923,7975099.77565059,6904946.69979263,1028493.39828303,1407911.84500908,1218988.66738647,35656311.9858575,Inf,596933709.342871,2447250.17210897,Inf,40970196.9038865,0,3.01375942317407e-10,1.62999291420547e-11
2032,"a5",215.067093817258,412.407647449679,309.064767335051,10878206.3839183,14681100.4637002,12754765.6281017,3406883330.22798,3821864515.72549,3611658105.29934,1125.67766694944,2167.93000462948,1611.68014224651,3133.51674562611,6008.75869186148,4503.05812357477,16401.0670203251,31586.6311869354,23482.0986543561,2847698.00626134,3843220.01667544,3338943.88170201,2591405.18569782,3497330.21517465,3038438.93234883,490160.019327734,661514.24537026,574715.715637958,1571491.38715401,3395167.75355655,2240927.34695178,107858.394586793,233025.358105618,153804.741154571,2.92899615964011e-09,7.61292103257707e-09,4.8269159331452e-09
2032,"a6",148.087064628037,285.174853895699,212.917536523025,11910078.1320695,16073702.5403308,13964641.7640596,3499681949.33798,3947104449.77021,3720465071.77769,1193.1843329363,2297.09469359049,1707.82737305854,2157.62108738428,4154.98328569475,3102.19780390606,17384.6357502349,33468.5542120673,24882.9589740248,3015209.65368848,4069291.78236223,3535352.34533154,2939829.41234627,3967559.48780317,3446968.53669825,518992.96164113,700426.848039099,608522.522440191,1523525.32923568,3308042.47157418,2178478.41677039,104566.27218382,227045.565203566,149518.595262785,2.93216706186564e-09,7.6183581157631e-09,4.83071333841374e-09
2032,"a7",0,32.2597404400651,2.09108279028837,2155744.73604453,12620872.0249875,3019251.95011295,4119936748.84277,5261917260.95767,4214164786.71658,0,169.933753296191,10.8947732268543,0,470.022796534317,30.4669711370479,0,2475.92624305959,158.736298241677,564331.08273417,3303893.2002585,790380.091652605,513541.285288095,3006542.81223523,719245.88340387,97135.4876156191,568682.617094494,136044.173275705,24244369.7554412,Inf,386806104.08018,1663998.17457874,Inf,26548211.3001053,0,3.01124213241747e-09,1.3784220202301e-10
2032,"a8",0,22.1132223783593,1.44225171598535,2360231.76367056,13818047.4434341,3305648.5009706,4138326741.42044,5369582022.45864,4239921092.65778,0,180.080271357896,11.5436043011574,0,322.188538434524,21.0135350007943,0,2623.76050115939,168.189734377931,597527.028777357,3498239.85909723,836873.038220405,582588.853057923,3410783.8626198,815951.212264895,102849.339828303,602134.535747111,144046.771703687,22980455.9389841,Inf,367296121.908188,1577250.18712333,Inf,25209155.055388,0,3.01375942317407e-09,1.37937342630904e-10
2033,"a1",215.378940640837,413.005637651687,309.51291058311,21753991.6876878,29362469.7277242,25509202.073824,4461035834.71752,5266753962.04138,4858702892.97853,1127.30989714598,2171.07349847452,1614.0170749872,3045.31663918213,5839.62822304937,4376.3090942686,15939.4208973207,30697.5520917676,22821.1404502127,5694762.2219078,7686510.3999278,6677801.59000628,5182233.6219361,6994724.4639343,6076799.44690571,980210.947445881,1323040.60258757,1149416.59867983,2054760.39288951,4671966.40016667,3010316.90945219,145322.200981422,330423.168819557,212903.597152755,1.46660817261962e-09,3.81240412483314e-09,2.41698866495625e-09
2033,"a2",148.301790553318,285.58835682064,213.22626649315,23817505.5280968,32147699.3785216,27928923.1205557,4641127802.50282,5509833256.55518,5069882637.09454,1194.91444765338,2300.42547595679,1710.30371907716,2096.88983077341,4038.0316311096,3014.87924181549,16895.3048009745,32526.5040225635,24182.5703026658,6029748.2349612,8138658.07051179,7070613.44824194,5879004.52908717,7935191.618749,6893848.11203589,1037870.4149427,1400866.52038684,1217029.33977864,2017508.43529174,4611069.2421333,2964317.14469413,142687.569475136,326116.238887704,209650.280083571,1.46819590809795e-09,3.81512691130061e-09,2.41889014524251e-09
2033,"a3",0,3.25998181718357,0.114451069618673,21582219.0500984,29552930.97686,25587085.5385987,6060853881.49978,6904931639.66304,6484958874.68198,0,16.8186239836971,0.596765879104991,0,46.0939999136478,1.61826288886413,0,237.804287240463,8.43787724058476,5649795.562853,7736369.36567016,6698189.93157034,5141313.96219623,7040096.12275984,6095352.83772901,972471.061256072,1331622.57706598,1152925.94197155,360365621.312112,Inf,10866839244.2408,25486730.9241198,Inf,768553356.463924,0,2.9768553209745e-11,8.90936036752668e-13
2033,"a4",0,2.25579465468861,0.0788784087329499,23629439.089344,32356227.1705381,28014194.3608619,6239523817.28474,7149587681.17739,6696783382.60183,0,17.8222790236318,0.632338539990714,0,31.8954535483438,1.11528884798088,0,251.995309742561,8.94085128146802,5982136.47831494,8191449.91659193,7092201.10401566,5832583.06635706,7986663.66867713,6914896.07641527,1029675.24132996,1409953.31689339,1220745.1150287,350096854.000059,Inf,10590503281.2015,24760475.99322,Inf,749009593.357454,0,2.9792498195648e-11,8.91597024275974e-13
2033,"a5",215.378940640837,413.005637651687,309.51291058311,10893979.7808609,14702388.0562564,12773260.0355541,3310988688.59452,3714289265.60737,3509999602.41465,1127.30989714598,2171.07349847452,1614.0170749872,3045.31663918213,5839.62822304937,4376.3090942686,15939.4208973207,30697.5520917676,22821.1404502127,2851827.16776464,3848792.68488388,3343785.34962148,2595162.72266583,3502401.34324433,3042844.66815555,490870.751251489,662473.440885637,575549.053303598,1525046.79870163,3294825.38475964,2174697.93647784,107858.394659503,233025.358294649,153804.741269271,2.92899615397185e-09,7.61292101784795e-09,4.82691592380445e-09
2033,"a6",148.301790553318,285.58835682064,213.22626649315,11927347.7428274,16097009.4056026,13984890.4916522,3401175275.21802,3836004031.07237,3615743944.32034,1194.91444765338,2300.42547595679,1710.30371907716,2096.88983077341,4038.0316311096,3014.87924181549,16895.3048009745,32526.5040225635,24182.5703026658,3019581.70704492,4075192.25458293,3540478.60548157,2944092.16436879,3973312.44821835,3451966.64034453,519745.501325106,701442.466820086,609404.879968516,1478498.3520509,3210275.04404661,2114094.65113677,104566.272257806,227045.565395843,149518.595379489,2.93216705619124e-09,7.61835810102345e-09,4.83071332906564e-09
2033,"a7",0,3.25998181718357,0.114451069618673,2158870.56546629,12335702.7316308,2962111.10803097,4003971560.87712,5081671741.10556,4089032654.8752,0,16.8186239836971,0.596765879104991,0,46.0939999136478,1.61826288886413,0,237.804287240463,8.43787724058476,565149.362687509,3229241.55278294,775421.75602905,514285.920045634,2938609.81303248,705633.797986436,97276.3340525876,555833.202272764,133469.4697565,238067725.68067,Inf,6851988020.84293,16837255.5740696,Inf,484604425.768088,0,2.97596088646687e-10,7.69601670916535e-12
2033,"a8",0,2.25579465468861,0.0788784087329499,2363654.09924011,13505827.906051,3243087.46198032,4021843924.43735,5183793733.74249,4113554702.41031,0,17.8222790236318,0.632338539990714,0,31.8954535483438,1.11528884798088,0,251.995309742561,8.94085128146802,598393.442845598,3419196.93824076,821034.800501347,583433.606774458,3333717.01478474,800508.930488814,102998.471349799,588529.272994692,141320.615036294,225663840.135401,Inf,6505304425.17503,15959995.1623944,Inf,460085351.261418,0,2.97835466559924e-10,7.70172640190879e-12
2034,"a1",215.691239774728,413.604495193408,309.961703829169,21785534.9853474,29405045.3219457,25546190.4282249,4335469627.42761,5118508948.79697,4721943423.74895,1128.9444947694,2174.22155172044,1616.35739727267,2959.5991314062,5675.25832759174,4253.12771339303,15490.7688861864,29833.4982110405,22178.786463495,5703019.62967209,7697655.84344128,6687484.40529448,5189747.8630016,7004866.81753156,6085610.80881797,981632.253757309,1324959.01205233,1151083.25326131,1994033.0478267,4533888.93122021,2921348.60255314,145322.201129708,330423.169205068,212903.597386674,1.46660816972131e-09,3.81240411729996e-09,2.4169886601799e-09
2034,"a2",148.516827922368,286.002459500406,213.535444252825,23852040.9217462,32194313.5569809,27969420.0715551,4510492488.96721,5354746212.62409,4927179024.031,1196.64707177143,2303.76108937184,1712.78365684901,2037.86799768651,3924.37185488613,2930.0184652615,16419.7472178908,31610.9700430735,23501.8957116265,6038491.37259398,8150459.12834959,7080865.84090003,5887529.08827913,7946697.65014085,6903844.19487753,1039375.32750774,1402897.77746717,1218794.03286492,1957882.05199571,4474791.55629179,2876708.33635549,142687.569626024,326116.239279836,209650.280321579,1.4681959051965e-09,3.81512690376206e-09,2.4188901404624e-09
2034,"a3",0,0,0,21613066.6327125,29595782.7400622,25624173.2663315,5890211179.97759,6710576312.02018,6302423261.53917,0,0,0,0,0,0,0,0,0,5657870.84625982,7747587.10472832,6707898.76081977,5148662.47009643,7050304.26530277,6104187.87234599,973861.019412471,1333553.43040136,1154597.0742061,Inf,Inf,Inf,Inf,Inf,Inf,0,0,0
2034,"a4",0,0,0,23663212.7746514,32403143.7144814,28054800.1114286,6063848447.60712,6948345941.64616,6508285368.3305,0,0,0,0,0,0,0,0,0,5990686.77839275,8203327.52265351,7102481.040868,5840919.60893293,7998244.33458718,6924919.0148463,1031146.96173085,1411997.74983674,1222514.5491594,Inf,Inf,Inf,Inf,Inf,Inf,0,0,0
2034,"a5",215.691239774728,413.604495193408,309.961703829169,10909776.0563733,14723706.5254637,12791781.268274,3217793226.33192,3609741972.94911,3411202516.27826,1128.9444947694,2174.22155172044,1616.35739727267,2959.5991314062,5675.25832759174,4253.12771339303,15490.7688861864,29833.4982110405,22178.786463495,2855962.31842233,3854373.43598526,3348633.8398623,2598925.70976432,3507479.82674659,3047256.79427469,491582.514058443,663434.027668963,576383.599686298,1479974.85526979,3197448.58110712,2110425.90087693,107858.394733646,233025.358487404,153804.74138623,2.9289961481919e-09,7.6129210028286e-09,4.82691591427965e-09
2034,"a6",148.516827922368,286.002459500406,213.535444252825,11944642.4023428,16120350.0763854,14005168.5890711,3305441302.24224,3728030793.96219,3513970438.35444,1196.64707177143,2303.76108937184,1712.78365684901,2037.86799768651,3924.37185488613,2930.0184652615,16419.7472178908,31610.9700430735,23501.8957116265,3023960.10185893,4081101.28516086,3545612.30103067,2948361.09931246,3979073.75303184,3456971.9935049,520499.132532469,702459.558708314,610288.517314904,1434802.12314182,3115397.08064758,2051613.71332737,104566.27233325,227045.565591909,149518.595498493,2.93216705040503e-09,7.61835808599339e-09,4.83071331953335e-09
2034,"a7",0,0,0,2161306.66327125,2959578.27400622,2562417.32663315,3891199136.80856,3973235650.01282,3932420344.96472,0,0,0,0,0,0,0,0,0,565787.084625982,774758.710472832,670789.876081977,514866.247009643,705030.426530277,610418.787234599,97386.1019412471,133355.343040136,115459.70742061,Inf,Inf,Inf,Inf,Inf,Inf,0,0,0
2034,"a8",0,0,0,2366321.27746514,3240314.37144814,2805480.01114286,3908562863.57151,3997012612.97541,3953006555.64385,0,0,0,0,0,0,0,0,0,599068.677839275,820332.752265352,710248.1040868,584091.960893293,799824.433458718,692491.90148463,103114.696173085,141199.774983674,122251.45491594,Inf,Inf,Inf,Inf,Inf,Inf,0,0,0
2035,"a1",216.003993332529,414.204224127831,310.411150110604,21817123.9993329,29447682.6217897,25583232.3905597,4213437785.33508,4974436647.60641,4589033379.67065,1130.58147088242,2177.37418567284,1618.70112494192,2876.29436309632,5515.51504511072,4133.41358893719,15054.7453384999,28993.7653465552,21554.5131799513,5711289.00506096,7708817.44025909,6697181.25407321,5197272.99460547,7015023.87063577,6094434.94120662,983055.619996118,1326880.2019046,1152752.32335735,1935100.45864398,4399892.24635342,2835009.69324112,145322.200651517,330423.167961876,212903.596632333,1.46660817906777e-09,3.8124041415929e-09,2.41698867558263e-09
2035,"a2",148.732178190532,286.417164737587,213.845071894525,23886626.3682255,32240995.2942601,28009975.715565,4383534222.21716,5204024465.34784,4788492147.64088,1198.38221701664,2307.10155641064,1715.267203158,1980.50748571989,3813.91132505829,2847.54631327234,15957.5754246982,30721.206119458,22840.3804556161,6047247.18182925,8162277.2896861,7091133.0925481,5896066.00228352,7958220.35744394,6913854.7652344,1040882.42117236,1404931.97848722,1220561.28355484,1900017.88609471,4342541.46252536,2791688.74611764,142687.569139441,326116.238015292,209650.279554054,1.46819591455307e-09,3.81512692807235e-09,2.41889015587725e-09
2035,"a3",0,0,0,21644405.5674642,29638696.608787,25661328.3034999,5724417538.126,6521691589.49208,6125026953.92402,0,0,0,0,0,0,0,0,0,5666074.75588069,7758821.1017767,6717625.21034028,5156128.02785143,7060527.2026168,6113038.94140966,975273.117355963,1335487.08214331,1156271.23932982,Inf,Inf,Inf,Inf,Inf,Inf,0,0,0
2035,"a4",0,0,0,23697524.4201833,32450128.2550779,28095479.5561879,5893167381.85284,6752768641.03829,6325094593.92187,0,0,0,0,0,0,0,0,0,5999373.27093249,8215222.34305768,7112779.63447795,5849388.93915918,8009841.78448124,6934960.143616,1032642.12425926,1414045.1457988,1224287.19458452,Inf,Inf,Inf,Inf,Inf,Inf,0,0,0
2035,"a5",216.003993332529,414.204224127831,310.411150110604,10925595.2258831,14745055.892113,12810329.3443291,3127220980.63119,3508137420.08254,3315186317.21877,1130.58147088242,2177.37418567284,1618.70112494192,2876.29436309632,5515.51504511072,4133.41358893719,15054.7453384999,28993.7653465552,21554.5131799513,2860103.46227305,3859962.27542225,3353489.3571542,2602694.15066848,3512565.67063425,3051675.31501033,492295.308443749,664396.006657055,577219.355600167,1436234.9848769,3102949.6860093,2048053.38436873,107858.394494551,233025.357865808,153804.741009059,2.92899616683105e-09,7.6129210512629e-09,4.82691594499517e-09
2035,"a6",148.732178190532,286.417164737587,213.845071894525,11961962.1275067,16143724.5754425,14025476.0760979,3212401998.01897,3623096727.68662,3415061597.60967,1198.38221701664,2307.10155641064,1715.267203158,1980.50748571989,3813.91132505829,2847.54631327234,15957.5754246982,30721.206119458,22840.3804556161,3028344.84240676,4087018.87985885,3550753.4369868,2952636.22134659,3984843.40786238,3461984.60106213,521253.855999263,703478.124695705,611173.435341354,1392397.30868926,3023323.17372522,1990979.35955527,104566.27208996,227045.564959637,149518.59511473,2.93216706906436e-09,7.61835813446227e-09,4.83071335027303e-09
2035,"a7",0,0,0,2164440.55674642,2963869.6608787,2566132.83034999,3781672328.54021,3861399733.67682,3821733270.12001,0,0,0,0,0,0,0,0,0,566607.475588069,775882.11017767,671762.521034028,515612.802785142,706052.72026168,611303.894140966,97527.3117355963,133548.708214331,115627.123932982,Inf,Inf,Inf,Inf,Inf,Inf,0,0,0
2035,"a8",0,0,0,2369752.44201833,3245012.82550779,2809547.95561879,3798547312.91289,3884507438.83144,3841740034.1198,0,0,0,0,0,0,0,0,0,599937.327093249,821522.234305769,711277.963447795,584938.893915918,800984.178448124,693496.0143616,103264.212425926,141404.51457988,122428.719458452,Inf,Inf,Inf,Inf,Inf,Inf,0,0,0
