"year","variable","scenario","total_deaths_lci","total_deaths_uci","total_deaths","total_vials_lci","total_vials_uci","total_vials","total_cost_lci","total_cost_uci","total_cost","total_deaths_averted_lci","total_deaths_averted_uci","total_deaths_averted","total_YLL_lci","total_YLL_uci","total_YLL","total_YLL_averted_lci","total_YLL_averted_uci","total_YLL_averted","vaccinated_lci","vaccinated_uci","vaccinated","fully_vaccinated_lci","fully_vaccinated_uci","fully_vaccinated","RIG_lci","RIG_uci","RIG","cost_per_death_averted_lci","cost_per_death_averted_uci","cost_per_death_averted","cost_per_YLL_averted_lci","cost_per_YLL_averted_uci","cost_per_YLL_averted","deaths_averted_per_100k_vaccinated_lci","deaths_averted_per_100k_vaccinated_uci","deaths_averted_per_100k_vaccinated"
2023,"non_suspect_bite_incidence","a2",154.562786253269,254.149118531374,204.967551396867,20291941.1325458,27530551.0850686,23934132.3546283,5576653042.85787,6608892465.0764,6096036375.75613,861.230618804895,1416.12887500617,1142.07721775172,2834.70986201519,4661.14146999673,3759.14250397717,15795.1275839144,25972.0634259694,20945.9057436938,5284359.66993379,7169414.34506994,6232846.96735111,4861610.89633909,6595861.19746435,5734219.20996302,909570.408187354,1234035.44414516,1072828.78425531,3937955.88896073,7673777.87177072,5337674.44180064,214717.365786262,418413.363865882,291037.133955951,1.201256584364e-09,2.6798495247465e-09,1.83235241252376e-09
2023,"non_suspect_bite_incidence","a3",241.681272234258,241.687070668694,241.684069667208,19887141.8549204,27215575.8582116,23530707.1236912,7538020366.41929,8585594747.22622,8058855462.79159,1249.18992577614,1249.19572421057,1249.19292677762,4432.47888106919,4432.58522542076,4432.53018650283,22910.3724639458,22910.4788082974,22910.4275028637,5206058.0772043,7124496.29796114,6159870.97478826,4737512.85025592,6483291.63114464,5605482.58705732,896092.746538791,1226303.92528656,1060267.79153543,6034298.88553527,6872929.86444146,6451249.67492407,329020.638524992,374747.060997696,351754.914297617,1.75337297337585e-09,2.39950401183654e-09,2.02795307221603e-09
2023,"non_suspect_bite_incidence","a7",241.681272234258,241.687070668694,241.684069667208,9958005.03588647,13622222.037532,11779787.6702718,6118718833.40265,6642506023.80612,6379136381.5888,1249.18992577614,1249.19572421057,1249.19292677762,4432.47888106919,4432.58522542076,4432.53018650283,22910.3724639458,22910.4788082974,22910.4275028637,2606807.6010174,3566026.71139582,3083714.04980938,2372194.91692584,3245084.3073702,2806179.78532654,448696.75832512,613802.347699006,530784.28082344,4898126.62244691,5317450.84293651,5106606.22938701,267070.753282846,289934.440579675,278438.120842199,3.50303019824318e-09,4.79205187112018e-09,4.05093632742907e-09
2023,"p_prevent","a2",153.075892934756,256.256548921954,205.333703040339,23888999.3214942,23902480.5360982,23895835.6078952,6089600320.16661,6091522766.7779,6090575187.49211,851.262424039487,1430.06186500613,1144.60419047166,2807.4399657101,4699.79213007152,3765.85779230694,15612.3090627622,26227.5970192597,20992.2508870747,6221093.57330577,6224604.30627557,6222873.85622271,5723406.08744131,5726635.96177353,5725043.94772489,1070805.73130526,1071410.01621768,1071112.16250233,4258277.53972063,7155869.44137844,5321119.07172239,232182.929899939,390174.364489564,290134.451053183,1.36757676818309e-09,2.29873067838493e-09,1.83934981958068e-09
2023,"p_prevent","a3",238.708246668853,244.813494573235,241.653227458905,23497695.7955662,23497695.7955662,23497695.7955662,8054136607.22099,8054136607.22099,8054136607.22099,1246.0635018716,1252.16874977598,1249.22376898593,4377.9530466522,4489.92441352599,4431.96453474303,22853.0332758406,22965.0046427144,22910.9931546235,6151229.26585502,6151229.26585502,6151229.26585502,5597618.63192807,5597618.63192807,5597618.63192807,1058780.3373853,1058780.3373853,1058780.3373853,6432149.50753398,6463664.64881094,6447312.9692041,350713.476114022,352431.84176061,351540.265097397,2.02571461413151e-09,2.03563986263147e-09,2.0308522329354e-09
2023,"p_prevent","a7",238.708246668853,244.813494573235,241.653227458905,11763282.0062093,11763282.0062093,11763282.0062093,6376776953.8035,6376776953.8035,6376776953.8035,1246.0635018716,1252.16874977598,1249.22376898593,4377.9530466522,4489.92441352599,4431.96453474303,22853.0332758406,22965.0046427144,22910.9931546235,3079393.19534276,3079393.19534276,3079393.19534276,2802247.80776191,2802247.80776191,2802247.80776191,530040.553748373,530040.553748373,530040.553748373,5092585.9273715,5117537.7051214,5104591.43679273,277673.662732158,279034.160447524,278328.264111792,4.04645793124479e-09,4.06628407073752e-09,4.05672056064564e-09
2023,"p_transmission","a2",139.419234285183,272.996613649879,204.15214949754,23889307.435375,23902642.4680766,23895703.320746,6089644257.78673,6091545858.58322,6090556323.09531,776.83645402466,1521.14574500178,1137.53384708286,2556.97434009252,5006.80798896827,3744.18788351801,14247.3231155927,27898.0920921886,20862.5794919225,6221173.81129556,6224646.47606161,6222839.40644428,5723479.90639192,5726674.75797668,5725012.25392873,1070819.54226925,1071417.2746921,1071106.23283422,4003327.27997712,7841477.86451568,5354175.91196447,218281.746209154,427557.219637734,291936.877961492,1.24800092183897e-09,2.44511050670194e-09,1.82799807738063e-09
2023,"p_transmission","a3",192.173705466182,295.795557334345,242.189885441744,23497695.7955662,23497695.7955662,23497695.7955662,8054136607.22099,8054136607.22099,8054136607.22099,993.289745711556,1528.88317300203,1251.80734212921,3524.50102194937,5424.94479972673,4441.80694062454,18217.1162041119,28039.9979415243,22958.3763601546,6151229.26585502,6151229.26585502,6151229.26585502,5597618.63192807,5597618.63192807,5597618.63192807,1058780.3373853,1058780.3373853,1058780.3373853,5267986.95246696,8108547.01963253,6434006.52493511,287237.41792055,442119.187086432,350814.730139164,1.6147825138387e-09,2.48549209747187e-09,2.03505232535859e-09
2023,"p_transmission","a7",192.173705466182,295.795557334345,242.189885441744,11763282.0062093,11763282.0062093,11763282.0062093,6376776953.8035,6376776953.8035,6376776953.8035,993.289745711556,1528.88317300203,1251.80734212921,3524.50102194937,5424.94479972673,4441.80694062454,18217.1162041119,28039.9979415243,22958.3763601546,3079393.19534276,3079393.19534276,3079393.19534276,2802247.80776191,2802247.80776191,2802247.80776191,530040.553748373,530040.553748373,530040.553748373,4170872.61238045,6419855.81884309,5094056.20113811,227417.169113274,350043.161736224,277753.829529109,3.2256021972569e-09,4.96488456009547e-09,4.06511043806431e-09
2023,"suspect_bite_incidence","a2",152.849409546347,256.889670880897,203.546536045412,23889033.0690468,23902498.9791456,23895594.7143481,6089605132.63123,6091525396.79122,6090540835.61827,851.670059818411,1431.40001276933,1134.15929657438,2803.28621880718,4711.40370297584,3733.08082167648,15619.7851777484,26252.1388947856,20800.68961637,6221102.36173095,6224609.10915251,6222811.12352816,5723414.17279247,5726640.38042031,5724986.23364591,1070807.24401294,1071410.84291288,1071101.36463728,4254300.04073402,7152447.50777083,5370092.94374626,231966.05644353,389987.783280724,292804.755416621,1.36823059068261e-09,2.30087841276262e-09,1.82258351420337e-09
2023,"suspect_bite_incidence","a3",116.932829364727,455.774237865723,241.31425410718,23482794.8501309,23523267.8875811,23497651.621751,8052006568.43224,8057792049.63153,8054130292.72637,604.394611554849,2355.75524333976,1247.28141941204,2144.56954761658,8358.9831566141,4425.7477012711,11084.7080817756,43204.9834417887,22875.370107019,6147328.49479865,6157923.53078038,6151217.70202905,5594068.93026677,5603710.41301015,5597608.10884644,1058108.91716722,1059932.58773557,1058778.34696175,3418014.91950279,13332005.1098773,6457348.09111728,186367.542051739,726928.665165244,352087.430937568,9.81490933646353e-10,3.83216098722071e-09,2.02769838401364e-09
2023,"suspect_bite_incidence","a7",116.932829364727,455.774237865723,241.31425410718,11748381.060774,11788854.0982242,11763237.8323941,6374646915.01475,6380432396.21404,6376770639.30888,604.394611554849,2355.75524333976,1247.28141941204,2144.56954761658,8358.9831566141,4425.7477012711,11084.7080817756,43204.9834417887,22875.370107019,3075492.42428639,3086087.46026812,3079381.63151679,2798698.10610062,2808339.58884399,2802237.28468028,529369.133530295,531192.80409865,530038.563324828,2705988.63487082,10556732.7607371,5112535.58344103,147544.250852532,575606.714145601,278761.419355232,1.95844939372632e-09,7.65976604181156e-09,4.05042819846163e-09
2024,"non_suspect_bite_incidence","a2",144.665222710716,237.874472327437,191.842421534213,20664730.5271609,28036323.1748546,24373833.5469804,5460362377.15763,6478057524.90978,5972427588.32528,872.60108287943,1434.82542445636,1157.15556265515,2574.77321223624,4233.72534011344,3414.44003390203,15530.6842312686,25537.236924684,20595.2273067902,5353557.13138883,7263296.15928876,6314464.64947679,4978808.13219161,6754865.42813855,5872452.12401341,921481.021240302,1250194.85141758,1086877.22779119,3805593.5475401,7423847.68024047,5161300.50364295,213819.623213806,417113.46573303,289990.855617125,1.20138441795946e-09,2.68013470154962e-09,1.83254737636552e-09
2024,"non_suspect_bite_incidence","a3",141.745828915843,141.749229691948,141.747469607523,19903999.3175386,27243059.5508173,23552847.7562885,7324183558.06209,8342271527.19517,7830358542.13382,732.648665184246,732.65206596035,732.650425268671,2522.81340601495,2522.87393353533,2522.84260729019,13039.7902256663,13039.8507531866,13039.8215519114,5210471.02553366,7131690.98188935,6165666.95190799,4741528.63323563,6489838.79351931,5610756.92623628,896852.325269982,1227542.3102577,1061265.42409716,9996810.07991379,11386455.6418693,10687714.4570855,561676.946821821,639755.040750199,600495.835848769,1.02731409289154e-09,1.40611484522229e-09,1.18827440888929e-09
2024,"non_suspect_bite_incidence","a7",141.745828915843,141.749229691948,141.747469607523,9960465.24919187,13629995.3658312,11784889.4685668,5944798175.75599,6453842160.32253,6197885667.79186,732.648665184246,732.65206596035,732.650425268671,2522.81340601495,2522.87393353533,2522.84260729019,13039.7902256663,13039.8507531866,13039.8215519114,2607451.6359141,3568061.61409195,3085049.59910127,2372780.98868183,3246936.06882367,2807395.13518215,448807.612831715,614152.605325576,531014.162245305,8114080.95596322,8808918.19914737,8459540.12176956,455894.648510699,494934.508042883,475304.485043613,2.05335205617154e-09,2.80983952250183e-09,2.3748416410618e-09
2024,"p_prevent","a2",143.30410987465,239.690461559208,192.179750457647,24327871.361229,24341600.2433085,24334833.2391175,5966082216.88999,5967977576.18941,5967043348.31503,862.478515735076,1448.82183004619,1159.71555312572,2550.54792295477,4266.04658733555,3420.44386439769,15350.5212713397,25786.3470390915,20640.7903990366,6302557.34746866,6306114.05267059,6304360.94277655,5861378.33314585,5864686.06898365,5863055.67678219,1084827.68343304,1085439.88131592,1085138.12727541,4117885.36945209,6919566.65274497,5145264.5713273,231365.932051001,388780.124837322,289089.866858662,1.36768619871349e-09,2.29878404934798e-09,1.83954498108886e-09
2024,"p_prevent","a3",140.002152340242,143.582874242867,141.729380682629,23519788.5617347,23519788.5617347,23519788.5617347,7825772509.7026,7825772509.7026,7825772509.7026,730.815020633327,734.395742535951,732.668514193564,2491.77919023361,2555.50941276111,2522.52065790677,13007.1547464405,13070.884968968,13040.1435012948,6157012.71249599,6157012.71249599,6157012.71249599,5602881.56837135,5602881.56837135,5602881.56837135,1059775.81313837,1059775.81313837,1059775.81313837,10656070.0946867,10708280.8764942,10681191.2319124,598717.877808735,601651.372821885,600129.324414685,1.1869636376584e-09,1.19277931819997e-09,1.18997401565628e-09
2024,"p_prevent","a7",140.002152340242,143.582874242867,141.729380682629,11768359.8712899,11768359.8712899,11768359.8712899,6195592651.57625,6195592651.57625,6195592651.57625,730.815020633327,734.395742535951,732.668514193564,2491.77919023361,2555.50941276111,2522.52065790677,13007.1547464405,13070.884968968,13040.1435012948,3080722.47939527,3080722.47939527,3080722.47939527,2803457.45624969,2803457.45624969,2803457.45624969,530269.35676591,530269.35676591,530269.35676591,8436313.41078063,8477648.21008622,8456201.58578212,473999.47794548,476321.899166436,475116.907337796,2.37221958654576e-09,2.38384258058879e-09,2.37823601150008e-09
2024,"p_transmission","a2",130.491584167021,255.515081059862,191.079233477859,24328185.1355632,24341765.1501882,24334698.521681,5966125535.42815,5968000342.63072,5967024749.71797,787.092674976244,1541.22878417901,1152.55220792259,2322.50867927933,4547.69552562662,3400.85669903704,14008.7928328753,27431.019792275,20513.2961126185,6302638.63615628,6306156.77466017,6304326.04188628,5861453.93162534,5864725.80043396,5863023.21895424,1084841.6752484,1085447.23483838,1085132.11995968,3871018.75897434,7582335.00624414,5177227.29495541,217495.579114718,426018.174001776,290885.712220935,1.24813369394652e-09,2.445370698135e-09,1.82819257802495e-09
2024,"p_transmission","a3",112.709689606111,173.483804005056,142.044130062747,23519788.5617347,23519788.5617347,23519788.5617347,7825772509.7026,7825772509.7026,7825772509.7026,582.563460784093,896.688480117737,734.1837773059,2006.02386751642,3087.6906207256,2528.12261432248,10368.5513708707,15959.3953202199,13067.1123801866,6157012.71249599,6157012.71249599,6157012.71249599,5602881.56837135,5602881.56837135,5602881.56837135,1059775.81313837,1059775.81313837,1059775.81313837,8727415.02006925,13433339.0892206,10659146.5946298,490355.201602637,754760.451077884,598890.732857605,9.46178752565751e-10,1.45636938234326e-09,1.19243505184882e-09
2024,"p_transmission","a7",112.709689606111,173.483804005056,142.044130062747,11768359.8712899,11768359.8712899,11768359.8712899,6195592651.57625,6195592651.57625,6195592651.57625,582.563460784093,896.688480117737,734.1837773059,2006.02386751642,3087.6906207256,2528.12261432248,10368.5513708707,15959.3953202199,13067.1123801866,3080722.47939527,3080722.47939527,3080722.47939527,2803457.45624969,2803457.45624969,2803457.45624969,530269.35676591,530269.35676591,530269.35676591,6909414.79560745,10635051.9190431,8438749.04769904,388209.736475835,597536.958632626,474136.325709613,1.89099623442371e-09,2.9106434809206e-09,2.38315454318371e-09
2024,"suspect_bite_incidence","a2",142.944176763162,240.284993253211,191.653038552145,24327889.2437344,24341596.7179936,24334748.5488607,5966084685.68335,5967977089.49731,5967031656.28761,862.208679916479,1449.3388204599,1156.01332977895,2544.14177974847,4276.62815110644,3411.0693673386,15345.7186931913,25795.5485115897,20574.8976756827,6302561.98024207,6306113.13937657,6304339.00229552,5861382.64162513,5864685.21962021,5863035.27213483,1084828.48084917,1085439.72411519,1085134.35077012,4116418.19115161,6921731.62774866,5161732.57053068,231283.497732287,388901.765294658,290015.13156199,1.36725850117196e-09,2.29960264572318e-09,1.83367888268385e-09
2024,"suspect_bite_incidence","a3",57.8488688161173,239.202783204728,141.813485006161,23509767.2021946,23531429.242455,23519796.4474543,7824382328.22734,7827387326.39808,7825773603.62417,299.003556912422,1236.3700315281,732.991661833645,1029.60279599302,4257.36681523984,2524.01755920209,5321.70990564154,22005.0982395123,13045.894931194,6154389.31994622,6160060.01111387,6157014.77682051,5600494.28115106,5605654.61011362,5602883.44690666,1059324.26169574,1060300.32941297,1059776.16846023,6328511.79558009,26178241.5139988,10676483.8007124,355571.34274356,1470840.66309219,599864.834486131,4.85390655891283e-10,2.00892398457969e-09,1.19049846135364e-09
2024,"suspect_bite_incidence","a7",57.8488688161173,239.202783204728,141.813485006161,11758338.5117498,11780000.5520102,11768367.7570095,6194202470.10098,6197207468.27172,6195593745.49782,299.003556912422,1236.3700315281,732.991661833645,1029.60279599302,4257.36681523984,2524.01755920209,5321.70990564154,22005.0982395123,13045.894931194,3078099.08684549,3083769.77801314,3080724.54371978,2801070.1690294,2806230.49799196,2803459.334785,529817.805323281,530793.873040511,530269.712087767,5009990.78928271,20726199.8227228,8452475.06635884,281489.425890346,1164514.33433117,474907.530543078,9.69604018575827e-10,4.01666741922582e-09,2.37928335179426e-09
2025,"non_suspect_bite_incidence","a2",134.736493709407,221.548580542989,178.675963657817,21041023.3231294,28546848.411188,24817666.9645907,5346378245.30494,6349593643.27522,5851157801.09132,884.004848178441,1453.57673134535,1172.27806781363,2327.18682239161,3826.61685015491,3086.11525099796,15268.6505116284,25106.3726047206,20247.7442932308,5422944.15544572,7357435.15752267,6396305.91870893,5097567.50611898,6915989.04807131,6012527.5635864,933424.262756095,1266398.52648859,1100964.15625777,3678084.63771749,7182758.84612968,4991271.23652844,212949.051998842,415858.208191972,288978.254384982,1.20151225155492e-09,2.68041987835274e-09,1.83274234020729e-09
2025,"non_suspect_bite_incidence","a3",82.5539192472272,82.5558998867852,82.5548747993549,19925765.245422,27275467.1171543,23579904.5149626,7117072291.5559,8106503812.5482,7608999806.23305,426.700518842913,426.702499482471,426.701543930343,1425.88238508922,1425.91659496178,1425.89888951395,7370.02869245332,7370.06290232588,7370.04639790115,5216168.91241413,7140174.6379985,6172749.87302687,4746713.71029686,6497558.92057864,5617202.38445445,897833.074049282,1229002.55956549,1062484.57189475,16679237.4082362,18998110.9808131,17832135.6331328,965673.208746951,1099928.39252431,1032422.2393498,5.97605157403438e-10,8.18038116953897e-10,6.91266538751077e-10
2025,"non_suspect_bite_incidence","a7",82.5539192472272,82.5558998867852,82.5548747993549,9967813.051165,13642663.9870312,11794882.6859353,5776512911.39562,6271228671.89177,6022476668.7342,426.700518842913,426.702499482471,426.701543930343,1425.88238508922,1425.91659496178,1425.89888951395,7370.02869245332,7370.06290232588,7370.04639790115,2609375.14428403,3571378.00707622,3087665.6245904,2374531.38129847,3249953.98643936,2809775.71837726,449138.696709889,614723.439467994,531464.445632623,13537565.2085509,14697026.1224371,14114025.9612403,783780.679751409,850909.668548959,817155.868984663,1.19477836845459e-09,1.63526697346368e-09,1.38195515904332e-09
2025,"p_prevent","a2",133.367362713963,223.529381835457,178.984387171588,24770867.8340089,24784846.7110939,24777956.4836689,5844902711.49619,5846771103.65475,5845850167.95917,873.726933064799,1467.63396676285,1174.87116480743,2303.5390078834,3860.82951621663,3091.44238336726,15091.1289808566,25349.1710635657,20292.5326129132,6384244.28711571,6387847.09048813,6386071.25867754,6001189.62988877,6004576.26505884,6002906.98315689,1098888.04791979,1099508.18045027,1099202.51539987,3982534.36746785,6691760.18546875,4975737.20682586,230575.694046937,387430.994133806,288078.884950966,1.36779562924389e-09,2.29883742031102e-09,1.83974014259704e-09
2025,"p_prevent","a3",81.5383878815679,83.6238293302299,82.5443396629327,23546797.3845717,23546797.3845717,23546797.3845717,7604542858.32549,7604542858.32549,7604542858.32549,425.632589399468,427.71803084813,426.712079066765,1408.3419908959,1444.36201579475,1425.71692522218,7351.58327162035,7387.60329651919,7370.22836219292,6164083.0849664,6164083.0849664,6164083.0849664,5609315.60731943,5609315.60731943,5609315.60731943,1060992.80099984,1060992.80099984,1060992.80099984,17779336.6420543,17866448.7816942,17821250.5138287,1029365.35072322,1034408.85824985,1031792.02659914,6.90504302963639e-10,6.93887517336184e-10,6.92255560453873e-10
2025,"p_prevent","a7",81.5383878815679,83.6238293302299,82.5443396629327,11778329.1207398,11778329.1207398,11778329.1207398,6020248194.78042,6020248194.78042,6020248194.78042,425.632589399468,427.71803084813,426.712079066765,1408.3419908959,1444.36201579475,1425.71692522218,7351.58327162035,7387.60329651919,7370.22836219292,3083332.23056017,3083332.23056017,3083332.23056017,2805832.32980975,2805832.32980975,2805832.32980975,530718.560185169,530718.560185169,530718.560185169,14075273.3356664,14144236.9421817,14108455.0686892,814912.218908258,818904.985817225,816833.332554864,1.38043051339343e-09,1.38719410970002e-09,1.38393156221521e-09
2025,"p_transmission","a2",121.535823163496,237.978502726288,177.965153852287,24771187.3219924,24785014.6208327,24777819.3131058,5844945413.69891,5846793546.17551,5845831833.98263,797.378933294975,1561.37064139023,1167.61455334239,2099.18306709547,4110.39667361059,3073.83804853326,13772.4360708014,26968.2035020835,20167.195444699,6384326.62937948,6387890.36619399,6386035.90543963,6001267.03161671,6004616.94422235,6002873.75111326,1098902.22108194,1099515.62928114,1099196.4302238,3743470.80619795,7332515.69867171,5006645.2300106,216734.696964421,424528.639386548,289868.358246076,1.24826646605406e-09,2.44563088956805e-09,1.82838707866928e-09
2025,"p_transmission","a3",65.6430364497514,101.038373094126,82.7276522521502,23546797.3845717,23546797.3845717,23546797.3845717,7604542858.32549,7604542858.32549,7604542858.32549,339.28967974436,522.238636182434,427.594580580714,1133.79534528415,1745.14835548315,1428.88312489282,5860.25693512175,9020.17589153479,7385.47104691374,6164083.0849664,6164083.0849664,6164083.0849664,5609315.60731943,5609315.60731943,5609315.60731943,1060992.80099984,1060992.80099984,1060992.80099984,14561432.8995547,22413127.5199858,17784469.6908876,843059.265115014,1297646.66336554,1029662.53743602,5.50430088413075e-10,8.47228418215392e-10,6.93687243806909e-10
2025,"p_transmission","a7",65.6430364497514,101.038373094126,82.7276522521502,11778329.1207398,11778329.1207398,11778329.1207398,6020248194.78042,6020248194.78042,6020248194.78042,339.28967974436,522.238636182434,427.594580580714,1133.79534528415,1745.14835548315,1428.88312489282,5860.25693512175,9020.17589153479,7385.47104691374,3083332.23056017,3083332.23056017,3083332.23056017,2805832.32980975,2805832.32980975,2805832.32980975,530718.560185169,530718.560185169,530718.560185169,11527772.5117935,17743682.0339375,14079336.9892676,667420.266209029,1027301.06570922,815147.491140213,1.10039935489767e-09,1.69374753393849e-09,1.38679373031115e-09
2025,"suspect_bite_incidence","a2",130.376817157225,219.058251791306,178.050110343793,24770461.6507701,24784114.4137966,24777801.0532336,5844848421.75792,5846673226.0842,5845829393.40019,855.390700143428,1437.22704465912,1168.17190474106,2251.8859032211,3783.60355735809,3075.30542846921,14774.4231022031,24823.9786195506,20176.822092942,6384139.60071395,6387658.3540713,6386031.19928701,6001091.22467112,6004398.85282702,6002869.32732979,1098870.02877289,1099475.69419452,1099195.62017728,4066753.71402031,6835090.94160582,5004254.39926667,235451.718329901,395729.375396888,289729.936977792,1.33913032402277e-09,2.251246267388e-09,1.82926119257214e-09
2025,"suspect_bite_incidence","a3",12.3962142856661,175.610698622222,82.0810533524396,23538417.1967871,23557912.7387356,23546740.7892163,7603414700.73617,7606039229.46662,7604535239.34591,64.0719705555117,907.687192341485,424.252541505845,214.109078683339,3033.17158145763,1417.71498182072,1106.65968407221,15677.6951419454,7327.74689898002,6161889.31853067,6166992.86354334,6164068.26942836,5607319.27986291,5611963.50582444,5609302.12517981,1060615.19895209,1061493.6466374,1060990.25087536,8376690.52167881,118710867.84941,17924548.4596376,484982.94117184,6872970.38008871,1037772.63928213,1.03894997080795e-10,1.47306636880314e-09,6.88267103740544e-10
2025,"suspect_bite_incidence","a7",12.3962142856661,175.610698622222,82.0810533524396,11769948.9329553,11789444.4749038,11778272.5253845,6019120037.1911,6021744565.92155,6020240575.80083,64.0719705555117,907.687192341485,424.252541505845,214.109078683339,3033.17158145763,1417.71498182072,1106.65968407221,15677.6951419454,7327.74689898002,3081138.46412443,3086242.00913711,3083317.41502213,2803836.00235323,2808480.22831477,2805818.84767014,530340.958137418,531219.405822725,530716.010060684,6631271.31017909,93984070.0030341,14190228.6652958,383928.886401613,5441369.78385546,821567.755927654,2.07605140380503e-10,2.94594742466214e-09,1.37596129233681e-09
2026,"non_suspect_bite_incidence","a2",124.776526549499,205.17132363726,165.468081362419,21420832.4659284,29062144.3575001,25265647.8765139,5234657918.09622,6223464191.93107,5732187354.62101,895.441990266646,1472.38291992464,1187.44483343154,2091.46241816913,3439.01312642419,2773.52065445389,15009.0992439216,24679.5902028487,19903.5532679774,5492521.14510985,7451831.88653848,6478371.25038817,5217895.08785436,7079240.29221155,6154452.68786876,945400.202102034,1282646.56347044,1115089.65147306,3555228.63465717,6950158.98246835,4827329.39942637,212104.734117181,414646.081739478,287998.191953165,1.20164008515039e-09,2.68070505515586e-09,1.83293730404905e-09
2026,"non_suspect_bite_incidence","a3",39.8696509081452,39.8706074636724,39.8701123947723,19949544.7785228,27309903.7178433,23608982.5499418,6916077820.59149,7877659495.50457,7394158893.87757,206.076233372321,206.077189927848,206.076728441221,668.281757841919,668.297791305836,668.289493126463,3454.18092084076,3454.19695430467,3454.18921902013,5222393.92107927,7149189.45493281,6180361.92406852,4752378.46818214,6505762.40398886,5624129.35090236,898904.55366577,1230554.23493031,1063794.79618029,33560617.858837,38226919.0706329,35880610.8278577,2002224.51472333,2280615.77434315,2140635.16068038,2.88251185216713e-10,3.94602921652566e-10,3.33437962004596e-10
2026,"non_suspect_bite_incidence","a7",39.8696509081452,39.8706074636724,39.8701123947723,9977153.55375465,13657333.0234149,11806872.4394641,5613251594.87941,6094042432.33595,5852292131.52245,206.076233372321,206.077189927848,206.076728441221,668.281757841919,668.297791305836,668.289493126463,3454.18092084076,3454.19695430467,3454.18921902013,2611820.30203001,3575218.06895678,3090804.30352464,2376756.47484731,3253448.44275067,2812631.91620742,449559.569486916,615384.410119186,532004.690744178,27238587.6226511,29571786.7733236,28398607.5273496,1625052.5575515,1764251.08353984,1694259.27777709,5.76401856887159e-10,7.89017490091783e-10,6.66741431045049e-10
2026,"p_prevent","a2",123.400103365879,207.294538363051,165.747516600049,25218003.9800956,25232235.1883168,25225220.5861723,5726022106.5122,5727863663.06336,5726955954.71336,885.007748295222,1486.49838779883,1190.07112590616,2068.39127298144,3474.60174174707,2778.20445447604,14834.2039687542,24916.1889557562,19947.5743043189,6466154.86669117,6469803.89444021,6468005.27850572,6142847.12335662,6146313.6997182,6144605.01458044,1112986.90642922,1113614.99533052,1113305.4085628,3852020.39471508,6472105.66698072,4812280.40076399,229811.313306377,386125.448667699,287100.369565907,1.3679050597743e-09,2.29889079127407e-09,1.83993530410522e-09
2026,"p_prevent","a3",39.3791971367881,40.3863670362392,39.8650244205701,23575827.4142123,23575827.4142123,23575827.4142123,7389827397.11097,7389827397.11097,7389827397.11097,205.560473799754,206.567643699205,206.081816415423,660.060935712881,676.942780813591,668.204210204083,3445.535931333,3462.41777643371,3454.27450194251,6171682.56916552,6171682.56916552,6171682.56916552,5616231.13794062,5616231.13794062,5616231.13794062,1062300.86221762,1062300.86221762,1062300.86221762,35774370.3939989,35949651.5089264,35858706.6323912,2134296.862559,2144754.12370813,2139328.35764943,3.33070392872698e-10,3.34702313970655e-10,3.33915126233215e-10
2026,"p_prevent","a7",39.3791971367881,40.3863670362392,39.8650244205701,11790294.8715994,11790294.8715994,11790294.8715994,5850126383.13915,5850126383.13915,5850126383.13915,205.560473799754,206.567643699205,206.081816415423,660.060935712881,676.942780813591,668.204210204083,3445.535931333,3462.41777643371,3454.27450194251,3086464.62607314,3086464.62607314,3086464.62607314,2808682.80972655,2808682.80972655,2808682.80972655,531257.723762839,531257.723762839,531257.723762839,28320632.7882495,28459393.3600193,28387397.2235685,1689607.30936542,1697885.75702819,1693590.47170378,6.66006252147739e-10,6.6926943517904e-10,6.67695377664569e-10
2026,"p_transmission","a2",112.551885701219,220.386750243892,164.809814599075,25218329.2351206,25232406.1289753,25225080.9395589,5726064195.38567,5727885783.24351,5726937884.06666,807.695297138385,1581.5714501008,1182.720983148,1886.55707565945,3694.04901982645,2762.48700706254,13538.3185123906,26509.7718377571,19824.3736689752,6466238.26541555,6469847.72537829,6467969.47168176,6142926.35214477,6146355.33910938,6144570.99809767,1113001.26143465,1113622.53973074,1113299.24531322,3620490.36420121,7091641.86486792,4842171.53975193,215998.245116173,423086.942296506,288883.673184046,1.2483992381616e-09,2.44589108100111e-09,1.8285815793136e-09
2026,"p_transmission","a3",31.7024917976882,48.7967706478702,39.9535557587042,23575827.4142123,23575827.4142123,23575827.4142123,7389827397.11097,7389827397.11097,7389827397.11097,163.860919160399,252.216639805854,206.508023040231,531.386567575887,817.915154077902,669.68814289285,2746.5819389889,4227.57098613081,3461.41843488255,6171682.56916552,6171682.56916552,6171682.56916552,5616231.13794062,5616231.13794062,5616231.13794062,1062300.86221762,1062300.86221762,1062300.86221762,29299523.6269873,45098168.8310761,35784698.7652935,1748007.88002246,2690554.13647386,2134913.05259132,2.65504450891671e-10,4.08667550508769e-10,3.34605710397308e-10
2026,"p_transmission","a7",31.7024917976882,48.7967706478702,39.9535557587042,11790294.8715994,11790294.8715994,11790294.8715994,5850126383.13915,5850126383.13915,5850126383.13915,163.860919160399,252.216639805854,206.508023040231,531.386567575887,817.915154077902,669.68814289285,2746.5819389889,4227.57098613081,3461.41843488255,3086464.62607314,3086464.62607314,3086464.62607314,2808682.80972655,2808682.80972655,2808682.80972655,531257.723762839,531257.723762839,531257.723762839,23194847.0475316,35701779.3694458,28328809.2007904,1383803.22940322,2129966.08624491,1690095.11366333,5.30901659381325e-10,8.17170032260326e-10,6.69076267052405e-10
2026,"suspect_bite_incidence","a2",125.361788741449,205.220002837842,163.993817431942,25218372.891613,25231888.0868256,25224910.9333128,5726069844.65299,5727818747.19852,5726915884.80199,899.635213778406,1472.71486165184,1176.8650651236,2101.27238734432,3439.82907090814,2748.80953538109,15079.3846543939,24685.1540990932,19726.2187290151,6466249.45938796,6469714.89405785,6467925.88033661,6142936.98641856,6146229.14935496,6144529.58631978,1113003.18819715,1113599.67613971,1113291.74215294,3888104.8828627,6366823.64082001,4866246.82346273,231964.111776128,379844.329093995,290320.003213709,1.3905330119024e-09,2.27754105513776e-09,1.81954012290313e-09
2026,"suspect_bite_incidence","a3",0,139.313691151905,39.7552220331956,23571065.0852258,23587705.713244,23575813.6921948,7389205230.67574,7391379217.44639,7389825604.42115,0,720.077183094533,205.482955696802,0,2335.12951063791,666.363739300063,0,12069.6929804811,3444.23659881001,6170435.88618477,6174792.07152984,6171678.97701434,5615096.65642814,5619060.78509215,5616227.86908305,1062086.27690955,1062836.08531207,1062300.24391859,10261685.0028779,Inf,35963204.7308348,612211.532026989,Inf,2145562.708141,0,1.16697944258159e-09,3.32944983791442e-10
2026,"suspect_bite_incidence","a7",0,139.313691151905,39.7552220331956,2357106.50852258,11802173.1706311,11488571.516491,4617743405.52646,5851678203.47457,5810708244.49165,0,720.077183094533,205.482955696802,0,2335.12951063791,666.363739300063,0,12069.6929804811,3444.23659881001,617043.588618477,3089574.12843746,3007479.4545788,561509.665642814,2811512.45687809,2736806.3036667,106208.627690955,531792.946857297,517662.401119375,6412845.05875009,Inf,28278297.9483007,382589.964218161,Inf,1687081.61526977,0,1.16697944258159e-08,6.83239765392115e-10
2027,"non_suspect_bite_incidence","a2",114.785248470635,188.742581969977,152.218678162516,21804170.9512777,29582228.6453878,25717791.6110655,5125159389.15699,6099632921.94049,5615477139.46191,906.912585485501,1491.24411572294,1202.65596074326,1867.12939995432,3070.14035788394,2476.03218188902,14752.0972782645,24256.9996412692,19562.7428807503,5562288.507979,7546486.89933363,6560661.12527182,5339796.96765984,7244627.42336028,6298234.68026095,957408.909435885,1298939.0575478,1129253.79618741,3436834.61018881,6725712.06923449,4669229.87351382,211285.79234661,413475.643963356,287049.580608021,1.20176791874585e-09,2.68099023195898e-09,1.83313226789082e-09
2027,"non_suspect_bite_incidence","a3",16.8780007623563,16.8784057005624,16.8781961232754,19975718.4242827,27346749.8861618,23640462.3815126,6721059707.19567,7655575434.85324,7185684079.45364,87.238155959148,87.2385608973541,87.2383655364351,274.542346300788,274.548933140472,274.545524096894,1419.0405819507,1419.04716879039,1419.04399099428,5229245.66080698,7158835.04873345,6188602.71767344,4758613.55133436,6514539.89434744,5631628.47308283,900083.909366402,1232214.48276325,1065213.24277954,77042303.748038,87754897.5065245,82368394.1723157,4736318.74613779,5394895.34846804,5063750.04936869,1.21860827027412e-10,1.66828193885027e-10,1.40966175268125e-10
2027,"non_suspect_bite_incidence","a7",16.8780007623563,16.8784057005624,16.8781961232754,9988867.229398,13674382.9603375,11821239.2080129,5454904548.36037,5922162412.18916,5687216734.48936,87.238155959148,87.2385608973541,87.2383655364351,274.542346300788,274.548933140472,274.545524096894,1419.0405819507,1419.04716879039,1419.04399099428,2614886.70926649,3579681.40322972,3094565.23769972,2379546.90543251,3257510.07693905,2816054.36630675,450087.374832495,616152.661530916,532652.041539064,62528593.9182178,67885002.2341416,65191692.8924361,3844061.47190315,4173356.62384523,4007780.42864231,2.43703687932782e-10,3.33622717145653e-10,2.8190830968321e-10
2027,"p_prevent","a2",113.401622232518,190.837497520782,152.469042080539,25669295.0988996,25683780.9830216,25676640.8504167,5609401256.58773,5611216119.78765,5610321568.66478,896.321034453722,1505.41520704992,1205.31553784351,1844.62294322616,3104.21684826443,2480.1046723724,14579.8121058575,24487.5106311271,19606.0043160085,6548289.5660458,6551984.94464837,6550163.48224916,6286357.98340397,6289905.54686243,6288156.9429592,1127124.34155563,1127760.4085976,1127446.88938214,3726148.92577056,6260274.95071283,4654649.66850299,229071.927362735,384862.032449193,286153.235419004,1.3680144903047e-09,2.29894416223711e-09,1.8401304656134e-09
2027,"p_prevent","a3",16.6703771956003,17.0967419603665,16.8760422335245,23607259.1708268,23607259.1708268,23607259.1708268,7181474502.71326,7181474502.71326,7181474502.71326,87.019819699344,87.4461844641101,87.240519426186,271.165082490511,278.100452653543,274.510488315452,1415.48906243763,1422.42443260067,1419.07902677572,6179910.77770336,6179910.77770336,6179910.77770336,5623718.80771006,5623718.80771006,5623718.80771006,1063717.14261219,1063717.14261219,1063717.14261219,82124503.7359029,82526883.2724024,82318108.0299447,5048756.43170944,5073493.4612253,5060658.61534873,1.40810802662888e-10,1.41500723246053e-10,1.41167927117885e-10
2027,"p_prevent","a7",16.6703771956003,17.0967419603665,16.8760422335245,11804637.6026701,11804637.6026701,11804637.6026701,5685111946.11917,5685111946.11917,5685111946.11917,87.019819699344,87.4461844641101,87.240519426186,271.165082490511,278.100452653543,274.510488315452,1415.48906243763,1422.42443260067,1419.07902677572,3090219.26771468,3090219.26771468,3090219.26771468,2812099.53362036,2812099.53362036,2812099.53362036,531903.991455389,531903.991455389,531903.991455389,65012693.0175263,65331231.0432427,65165957.0978292,3996776.07880012,4016358.79568632,4006198.27285888,2.8159755719761e-10,2.82977280537052e-10,2.82311745116725e-10
2027,"p_transmission","a2",103.539706152228,202.739695100529,151.613119616545,25669626.1745559,25683954.9827645,25676498.7047444,5609442735.38323,5611237919.33591,5610303759.95199,818.041835364623,1601.83134514794,1197.8715981711,1684.20621983419,3297.82136906568,2466.181994869,13306.5004567432,26055.8428730434,19484.9190825049,6548374.02412141,6552029.33233787,6550127.22059805,6286439.06315656,6289948.15904436,6288122.13177413,1127138.8789019,1127768.04882866,1127440.64784544,3501893.47484966,6859353.24668919,4683560.21506624,215285.406912957,421691.483615616,287930.564976755,1.24853201026915e-09,2.44615127243416e-09,1.82877607995793e-09
2027,"p_transmission","a3",13.4206010973791,20.657114206812,16.9135201636915,23607259.1708268,23607259.1708268,23607259.1708268,7181474502.71326,7181474502.71326,7181474502.71326,69.3671666421491,106.77075273946,87.4209452782959,218.303302975263,336.014477187981,275.120114954734,1128.34600224977,1736.76333981278,1422.01388484743,6179910.77770336,6179910.77770336,6179910.77770336,5623718.80771006,5623718.80771006,5623718.80771006,1063717.14261219,1063717.14261219,1063717.14261219,67260690.0153393,103528439.322901,82148213.7930647,4134975.87039545,6364603.13449452,5050214.05152017,1.12246226745571e-10,1.72770702652667e-10,1.41459882549929e-10
2027,"p_transmission","a7",13.4206010973791,20.657114206812,16.9135201636915,11804637.6026701,11804637.6026701,11804637.6026701,5685111946.11917,5685111946.11917,5685111946.11917,69.3671666421491,106.77075273946,87.4209452782959,218.303302975263,336.014477187981,275.120114954734,1128.34600224977,1736.76333981278,1422.01388484743,3090219.26771468,3090219.26771468,3090219.26771468,2812099.53362036,2812099.53362036,2812099.53362036,531903.991455389,531903.991455389,531903.991455389,53245966.7114259,81956813.5952199,65031462.7463839,3273394.71981946,5038447.36878919,3997929.98275059,2.24473283714422e-10,3.45511898961204e-10,2.82895606119713e-10
2027,"suspect_bite_incidence","a2",114.530026846069,189.32877230301,152.366614940429,25669522.2847279,25683528.7882789,25676607.329963,5609429719.55181,5611184523.5831,5610317369.05656,904.90308592637,1495.84533848984,1203.82470937475,1862.97789263888,3079.67549606031,2478.43856346727,14719.410188625,24331.8444355114,19581.7540773987,6548347.52161427,6551920.60925482,6550154.931113,6286413.6207497,6289843.78488462,6288148.73386848,1127134.31715786,1127749.33486798,1127445.41751782,3750006.48477129,6200867.92812603,4660410.54429798,230538.61512303,381209.875373902,286507.39596061,1.38112645114802e-09,2.28430964232193e-09,1.83785684771612e-09
2027,"suspect_bite_incidence","a3",0,86.5460611333959,16.7706002555795,23605243.1363135,23615580.8059133,23607246.3192535,7181218905.38337,7182529538.07817,7181472873.36227,0,447.334125827258,86.6822517207003,0,1407.78277126566,272.795339203231,0,7276.46373609249,1409.99808597675,6179383.01997736,6182089.21620766,6179907.41341714,5623238.5481794,5625701.18674897,5623715.7462096,1063626.3023136,1064092.10633974,1063716.56353443,16053367.0264997,Inf,82848250.1412373,986910.560656451,Inf,5093250.08649742,0,7.2391389946386e-10,1.40264644632871e-10
2027,"suspect_bite_incidence","a7",0,86.5460611333959,16.7706002555795,2360524.31363135,11812959.2377565,8896458.7967029,4487766303.514,5686166981.48407,5316406582.82339,0,447.334125827258,86.6822517207003,0,1407.78277126566,272.795339203231,0,7276.46373609249,1409.99808597675,617938.301997736,3092397.70621898,2328915.91536725,562323.85481794,2814081.91265927,2119313.4829842,106362.63023136,532278.955182942,400864.651932588,10032246.6908036,Inf,61332123.6734071,616751.002448336,Inf,3770506.24089362,0,7.2391389946386e-09,3.72200005799828e-10
2028,"non_suspect_bite_incidence","a2",114.855077704573,188.857405077946,152.31130055438,21947194.067985,29776271.4525859,25886485.8814995,4988261300.30339,5937932003.38692,5466099216.88215,908.324217751901,1493.56527273648,1204.52790610188,1813.04967906378,2981.21654269495,2404.31646651448,14338.3902949148,23576.7376812098,19014.1261250866,5570353.82436168,7557429.30268677,6570174.08159886,5403243.20963082,7330706.42360616,6373068.8591509,958797.152018253,1300822.51872496,1130891.2137952,3339834.81764007,6537238.45223821,4537959.80084153,211575.552468353,414128.216714315,287475.699957116,1.20189575234132e-09,2.68127540876209e-09,1.83332723173258e-09
2028,"non_suspect_bite_incidence","a3",7.18295258644935,7.18312492036354,7.18303572830002,20003522.2367419,27385241.6916514,23673580.0714224,6531737043.21505,7439948656.92281,6983283484.23011,37.1268817205783,37.1270540544925,37.1269709126418,113.386801366238,113.389521750518,113.388113805433,586.067959148254,586.070679532533,586.069367093339,5236524.14574395,7168911.43760509,6197272.27000587,4765236.97262699,6523709.40822063,5639517.76570534,901336.718586177,1233948.88119778,1066705.48947476,175929311.106349,200392500.315993,188091926.504359,11144964.7138549,12694685.8991156,11915455.5353478,5.17887297725933e-11,7.09001868819186e-11,5.99085683105007e-11
2028,"non_suspect_bite_incidence","a7",7.18295258644935,7.18312492036354,7.18303572830002,10002190.1111328,13693049.8385875,11837219.028473,5301220759.77849,5755326566.63237,5526993980.28602,37.1268817205783,37.1270540544925,37.1269709126418,113.386801366238,113.389521750518,113.388113805433,586.067959148254,586.070679532533,586.069367093339,2618374.37464208,3584568.02057265,3098748.43677304,2382720.68092429,3261956.89872111,2819861.07746347,450687.689235268,616993.770541068,533372.07467956,142785925.109968,155017774.181729,148867355.575299,9045360.8155366,9820237.52842028,9430614.00342013,1.03574214542725e-10,1.41794291962423e-10,1.1981279432707e-10
2028,"p_prevent","a2",113.474285344982,190.970582642896,152.562102800371,25837671.2594483,25852252.1628352,25845065.1949702,5460177980.67936,5461946650.99526,5461074868.4735,897.69250232071,1507.63305809919,1207.19126428761,1791.25312296505,3014.57419637911,2408.27551595914,14170.5629020328,23798.8053010898,19056.1686781924,6557784.58361632,6561485.32051656,6559661.21699751,6361051.04610783,6364640.76090106,6362871.38048759,1128758.67145496,1129395.66079391,1129081.6869757,3621688.94569312,6084429.39745521,4523785.94016434,229430.759720922,385443.167554884,286577.798543685,1.36812392083511e-09,2.29899753320016e-09,1.84032562712158e-09
2028,"p_prevent","a3",7.09459198872002,7.27604463426548,7.18211907423801,23640328.7160929,23640328.7160929,23640328.7160929,6979192395.79654,6979192395.79654,6979192395.79654,37.0339620066764,37.2154146522218,37.1278875667038,111.9919814196,114.856309818016,113.37364392403,584.601171080756,587.465499479172,586.083836974742,6188567.72672588,6188567.72672588,6188567.72672588,5631596.63132055,5631596.63132055,5631596.63132055,1065207.21996269,1065207.21996269,1065207.21996269,187534989.493389,188453841.221157,187977093.586532,11880174.0731738,11938382.5093851,11908180.9725753,5.9842541347236e-11,6.01357475518992e-11,5.99943140419450e-11
2028,"p_prevent","a7",7.09459198872002,7.27604463426548,7.18211907423801,11820593.3508082,11820593.3508082,11820593.3508082,5524948436.06923,5524948436.06923,5524948436.06923,37.0339620066764,37.2154146522218,37.1278875667038,111.9919814196,114.856309818016,113.37364392403,584.601171080756,587.465499479172,586.083836974742,3094396.16513305,3094396.16513305,3094396.16513305,2815900.51027107,2815900.51027107,2815900.51027107,532622.939923526,532622.939923526,532622.939923526,148458602.10614,149185994.06332,148808585.625647,9404719.83625842,9450799.46701992,9426890.97960457,1.19680739085598e-10,1.20267130212856e-10,1.19984273458752e-10
2028,"p_transmission","a2",103.602719876116,202.863037449646,151.70537345972,25838004.5067751,25852427.3039187,25844922.1169021,5460218403.73403,5461967895.68959,5461057513.03775,819.315114552205,1604.32463017328,1199.73609669468,1635.42510941201,3202.30304391095,2394.75157877539,12933.3333377897,25325.1341950376,18938.4848153466,6557869.16415611,6561529.7725682,6559624.90276702,6361133.08923142,6364683.87939115,6362836.15568401,1128773.22988037,1129403.3121033,1129075.43638877,3403437.37236289,6666504.49708207,4551882.30818693,215604.717498553,422317.10519131,288357.678361493,1.24866478237669e-09,2.44641146386722e-09,1.82897058060225e-09
2028,"p_transmission","a3",5.71154976951584,8.79127060186747,7.19806896067412,23640328.7160929,23640328.7160929,23640328.7160929,6979192395.79654,6979192395.79654,6979192395.79654,29.5213322989166,45.4395793284689,37.20467334005,90.1599100669554,138.774973312686,113.625421529879,466.010237594873,717.288398255929,587.295942042313,6188567.72672588,6188567.72672588,6188567.72672588,5631596.63132055,5631596.63132055,5631596.63132055,1065207.21996269,1065207.21996269,1065207.21996269,153592803.871402,236411836.87542,187589132.472871,9729966.9320824,14976478.6967275,11883603.982562,4.77030123972403e-11,7.34250336022567e-11,6.01183908505653e-11
2028,"p_transmission","a7",5.71154976951584,8.79127060186747,7.19806896067412,11820593.3508082,11820593.3508082,11820593.3508082,5524948436.06923,5524948436.06923,5524948436.06923,29.5213322989166,45.4395793284689,37.20467334005,90.1599100669554,138.774973312686,113.625421529879,466.010237594873,717.288398255929,587.295942042313,3094396.16513305,3094396.16513305,3094396.16513305,2815900.51027107,2815900.51027107,2815900.51027107,532622.939923526,532622.939923526,532622.939923526,121588899.319051,187151053.351071,148501463.393357,7702548.16542833,11855852.0614999,9407435.06051872,9.54025623207404e-11,1.46844737724509e-10,1.20232418070006e-10
2028,"suspect_bite_incidence","a2",112.290657576374,188.831747855307,151.323458334751,25837464.4780963,25851883.0500252,25844817.4842215,5460152898.00585,5461901877.44091,5461044821.04526,888.028037803915,1493.33508813444,1196.71577268952,1772.56891684292,2980.81152952357,2388.72284144314,14018.0040893039,23573.1040924542,18890.8073632246,6557732.10103968,6561391.63706223,6559598.34624911,6361000.13800849,6364549.88795036,6362810.39586163,1128749.63789145,1129379.53552934,1129070.86534813,3656348.09051932,6150596.2029624,4563359.94366651,231626.385587194,389634.775581816,289084.776316996,1.35341416413533e-09,2.27721270879254e-09,1.82437355081934e-09
2028,"suspect_bite_incidence","a3",0,35.8525723869828,7.1050441365346,23639470.7305692,23643753.1691484,23640319.4002134,6979086833.34301,6979613724.19498,6979191249.61509,0,185.311150918127,36.7238510290614,0,565.952295352823,112.156974240287,0,2925.2369979083,579.705901148632,6188343.12318566,6189464.18040534,6188565.28801398,5631392.24209895,5632412.40416886,5631594.41209272,1065168.56007833,1065361.52205227,1065206.80019941,37661451.0177343,Inf,190045190.088918,2385819.28176535,Inf,12039193.0387227,0,2.99451965137208e-10,5.93414617442725e-11
2028,"suspect_bite_incidence","a7",0,35.8525723869828,7.1050441365346,2363947.07305692,11824017.8038638,6960308.85272373,4361447705.83385,5525369764.46767,4926962173.64791,0,185.311150918127,36.7238510290614,0,565.952295352823,112.156974240287,0,2925.2369979083,579.705901148632,618834.312318566,3095292.61881251,1822070.38029417,563139.224209895,2816716.28311939,1658084.0460677,106516.856007833,532777.242013104,313623.864208134,23535808.2027174,Inf,134162459.425864,1490972.42683329,Inf,8499071.96715715,0,2.99451965137208e-09,2.01550123564011e-10
2029,"non_suspect_bite_incidence","a2",114.973242877616,189.051706394812,152.468011779294,22034801.8116197,29895130.9271836,25989818.2989231,4851432218.11419,5775648273.20039,5316462330.97025,909.689662736862,1495.81048459775,1206.33861196477,1761.27613649225,2896.08478201104,2335.65883682291,13935.5440839188,22914.3341989691,18479.9119917352,5578430.83838473,7568387.57650217,6579700.8351704,5438970.06742511,7379177.88708961,6415208.31429114,960187.408056971,1302708.71160544,1132531.00625371,3243346.84645483,6349031.44422238,4407106.16259831,211720.409416585,414454.451036849,287688.725646958,1.20195966913905e-09,2.68141799716365e-09,1.83342471365346e-09
2029,"non_suspect_bite_incidence","a3",4.00332550789929,4.00342155597231,4.00337184593195,20032146.3050026,27424569.2544174,23707525.7241876,6347840652.73002,7230488543.28515,6786677271.45868,20.6921862328792,20.6922822809522,20.6922359429195,61.326979279685,61.3284506409752,61.3276891324221,316.983786067663,316.985257428953,316.984547576216,5244017.35733052,7179206.61110403,6206158.56654125,4772055.79517077,6533078.01610467,5647604.29555253,902626.487630515,1235720.93793628,1068235.04326591,306773345.08303,349430865.444085,327981823.239404,20025665.244551,22810278.8252449,21410120.2199041,2.88223857506409e-11,3.94588363671734e-11,3.33414554608319e-11
2029,"non_suspect_bite_incidence","a7",4.00332550789929,4.00342155597231,4.00337184593195,10016312.2460558,13712523.7207633,11854001.9556483,5151960105.20542,5593284050.48299,5371378414.56975,20.6921862328792,20.6922822809522,20.6922359429195,61.326979279685,61.3284506409752,61.3276891324221,316.983786067663,316.985257428953,316.984547576216,2622071.268601,3589665.89548776,3103141.87320637,2386084.85442691,3266595.96489386,2823859.1046178,451324.017107948,617871.242260831,534128.294925646,248979790.399822,270308994.300247,259584243.548496,16252995.9500093,17645331.7056698,16945237.4118592,5.76437663986762e-11,7.8915788936555e-11,6.66815659367161e-11
2029,"p_prevent","a2",113.592871946002,191.172740849417,152.719215393366,25940808.8210337,25955447.9277628,25948232.2713084,5310699805.55295,5312421069.03598,5311572653.4741,899.030110004535,1509.83665143666,1209.00579431556,1740.13022183846,2928.57692780144,2339.5070272348,13772.2503002242,23129.2011742889,18520.7705820345,6567293.37241361,6570999.475383,6569172.72691353,6403111.03810327,6406724.48849842,6404943.40874069,1130395.37172669,1131033.2847003,1130718.85561999,3517400.24359567,5909058.00586499,4393339.28625303,229610.1696524,385733.700247192,286790.046339995,1.36817863610031e-09,2.29902421868168e-09,1.84042320787567e-09
2029,"p_prevent","a3",3.95407887421687,4.05520915395146,4.00286096067353,23674226.1543869,23674226.1543869,23674226.1543869,6782701336.20145,6782701336.20145,6782701336.20145,20.6403986349,20.7415289146346,20.6927468281779,60.5725696576155,62.1217853178445,61.3198628765766,316.190451390793,317.739667051022,316.992373832061,6197441.40167197,6197441.40167197,6197441.40167197,5639671.6755215,5639671.6755215,5639671.6755215,1066734.60126279,1066734.60126279,1066734.60126279,327010673.326776,328612904.051807,327781584.171573,21346725.1324094,21451316.1493875,21397048.9390854,3.33047096328035e-11,3.34678903281584e-11,3.33891770603839e-11
2029,"p_prevent","a7",3.95407887421687,4.05520915395146,4.00286096067353,11837352.170748,11837352.170748,11837352.170748,5369390446.94114,5369390446.94114,5369390446.94114,20.6403986349,20.7415289146346,20.6927468281779,60.5725696576155,62.1217853178445,61.3198628765766,316.190451390793,317.739667051022,316.992373832061,3098783.29077173,3098783.29077173,3098783.29077173,2819892.79460228,2819892.79460228,2819892.79460228,533378.073924085,533378.073924085,533378.073924085,258871487.682504,260139861.730299,259481763.901421,16898709.8676569,16981507.263497,16938547.7070997,6.6608073873277e-11,6.69344286720645e-11,6.67770053162528e-11
2029,"p_transmission","a2",103.709321270143,203.07175011391,151.861461215131,25941143.398601,25955623.767966,25948088.6221082,5310739145.12192,5312441744.2948,5311555763.2275,820.546744180093,1606.73633994428,1201.5395993082,1588.72402059099,3110.85795720372,2326.36708330271,12569.962916843,24613.6083696541,18406.3958739047,6567378.07559519,6571043.99189012,6569136.3600274,6403193.62370531,6406767.89209287,6404907.95102672,1130409.95126182,1131040.94710409,1130712.59596972,3305295.96741809,6474270.70057184,4420624.81027315,215764.34732217,422629.866089458,288571.20098986,1.24873116843046e-09,2.44654155958375e-09,1.82906783092441e-09
2029,"p_transmission","a3",3.18325822240207,4.89970070437264,4.01175042311245,23674226.1543869,23674226.1543869,23674226.1543869,6782701336.20145,6782701336.20145,6782701336.20145,16.4533318572055,25.3251604830366,20.7355423835406,48.7643611946955,75.0585589357673,61.4560406312267,252.048737954887,387.956360064478,317.647959327622,6197441.40167197,6197441.40167197,6197441.40167197,5639671.6755215,5639671.6755215,5639671.6755215,1066734.60126279,1066734.60126279,1066734.60126279,267824614.21102,412238772.977223,327105084.146987,17483155.4123102,26910276.9219795,21352888.1172688,2.65485880233844e-11,4.08638966335434e-11,3.34582306465156e-11
2029,"p_transmission","a7",3.18325822240207,4.89970070437264,4.01175042311245,11837352.170748,11837352.170748,11837352.170748,5369390446.94114,5369390446.94114,5369390446.94114,16.4533318572055,25.3251604830366,20.7355423835406,48.7643611946955,75.0585589357673,61.4560406312267,252.048737954887,387.956360064478,317.647959327622,3098783.29077173,3098783.29077173,3098783.29077173,2819892.79460228,2819892.79460228,2819892.79460228,533378.073924085,533378.073924085,533378.073924085,212018022.572362,326340615.599368,258946226.128295,13840191.8351042,21302984.8532793,16903588.6718956,5.30961035778269e-11,8.17261425103707e-11,6.69151096989958e-11
2029,"suspect_bite_incidence","a2",115.008133074332,187.917844517376,151.720090187073,25941093.3714522,25954867.8002404,25948029.0924399,5310733262.93894,5312352857.74834,5311548763.74001,909.976007736346,1486.8041007328,1200.42100181481,1761.81061972797,2878.71514176411,2324.20141925882,13939.9306055283,22776.3653239474,18389.2600688935,6567365.41049422,6570852.6076558,6569121.28922529,6403181.27523187,6406581.2924644,6404893.25699466,1130407.77128132,1131008.00509275,1130710.0019079,3571911.90172359,5837904.3102063,4424738.28407698,233168.602075203,381088.902669398,288839.721872485,1.38486747773968e-09,2.26392778199457e-09,1.82736921570278e-09
2029,"suspect_bite_incidence","a3",0,36.921306731106,3.52278376998101,23673747.9672778,23678158.0632019,23674168.7497024,6782644241.13993,6783170802.17291,6782694482.13966,0,190.834777218208,18.2082029584215,0,565.597828207976,53.9655560963371,0,2923.39965991063,278.931624058062,6197316.22180048,6198470.69717326,6197426.37426765,5639557.76183844,5640608.33442767,5639658.00058356,1066713.05467741,1066911.76875095,1066732.01467082,35541971.6469415,Inf,372507627.338512,2320122.12840829,Inf,24316692.3257428,0,3.07931321217566e-10,2.93802650629684e-11
2029,"suspect_bite_incidence","a7",0,36.921306731106,3.52278376998101,2367374.79672778,11841284.0795629,4488963.39702045,4238684640.47136,5369859912.91259,4492000192.82654,0,190.834777218208,18.2082029584215,0,565.597828207976,53.9655560963371,0,2923.39965991063,278.931624058062,619731.622180048,3099812.58627302,1175121.30812054,563955.776183844,2820829.45350845,1069360.39038969,106671.305467741,533555.241412243,202267.755160247,22211279.8424822,Inf,246702005.853298,1449916.23916415,Inf,16104305.8778143,0,3.07931321217566e-09,1.54947432512677e-10
2030,"non_suspect_bite_incidence","a2",115.13995405187,189.325831323178,152.689090359351,22066752.2688959,29938478.8597687,26027503.5291455,4714877399.79372,5613079249.21505,5166818160.94503,911.008712526934,1497.9794094372,1208.08780265919,1711.70093230144,2814.56775498311,2269.91629858233,13543.2958559685,22269.3570864802,17959.7519830707,5586519.5617458,7579361.7366503,6589241.39978368,5446856.57270215,7389877.69323404,6424510.36478908,961579.679565496,1304597.63892093,1134173.17593777,3147491.46089073,6161389.20740464,4276856.49136764,211720.409416585,414454.451036849,287688.725646958,1.20195966913905e-09,2.68141799716365e-09,1.83342471365346e-09
2030,"non_suspect_bite_incidence","a3",3.94634722168851,3.9464419027344,3.94639290020406,20061185.4129971,27464327.3738935,23741894.1314474,6169165077.4132,7026968794.75992,6595649621.11563,20.3976797514109,20.3977744324568,20.3977287539412,58.6674388935952,58.6688464470014,58.6681179624579,303.237288348642,303.238695902048,303.238016833185,5251619.21806207,7189614.49578364,6215155.53179252,4778973.48843648,6542549.19116312,5655791.53393119,903934.957908933,1237512.39508676,1069783.64590979,302443048.276722,344498437.096694,323352158.501531,20344254.083608,23173168.5539965,21750734.5879523,2.83710340288386e-11,3.88409242663711e-11,3.28193375847157e-11
2030,"non_suspect_bite_incidence","a7",3.94634722168851,3.9464419027344,3.94639290020406,10030828.397097,13732399.3775452,11871182.7563222,5006945363.13502,5435847221.80838,5220187634.98623,20.3976797514109,20.3977744324568,20.3977287539412,58.6674388935952,58.6688464470014,58.6681179624579,303.237288348642,303.238695902048,303.238016833185,2625871.30814057,3594868.94700136,3107639.4650058,2389542.89040792,3271330.74177124,2827951.91315528,451978.098913696,618766.81750261,534902.442914123,245465277.582833,266493409.449297,255920043.743968,16511564.7534389,17926051.4147541,17214819.2020987,5.67410941876629e-11,7.76800232715928e-11,6.56373719784227e-11
2030,"p_prevent","a2",113.75758158274,191.449941277227,152.940658218602,25978422.9875251,25993083.3209555,25985857.2018009,5161217835.17849,5162890649.70631,5162066114.76931,900.333703445734,1512.02591421461,1210.75885242374,1691.15021848814,2846.14533392689,2273.65617274472,13384.5983547658,22478.1761321457,17999.4605135269,6576815.9462089,6580527.4230267,6578698.02577239,6412395.54755367,6416014.23745103,6414230.57512808,1132034.44474121,1132673.28268847,1132358.39768607,3413445.35609985,5734418.94927073,4263496.48770744,229610.1696524,385733.700247192,286790.046339995,1.36817863610031e-09,2.29902421868168e-09,1.84042320787567e-09
2030,"p_prevent","a3",3.89780150247916,3.9974924213594,3.94588928624207,23708546.2772787,23708546.2772787,23708546.2772787,6591785597.78302,6591785597.78302,6591785597.78302,20.3466292327859,20.4463201516661,20.3982323679032,57.9457454248584,59.4277769246488,58.6606311044393,302.478357870994,303.960389370785,303.245503691204,6206425.7270363,6206425.7270363,6206425.7270363,5647847.41160304,5647847.41160304,5647847.41160304,1068281.02826612,1068281.02826612,1068281.02826612,322394716.941076,323974331.195913,323154745.906084,21686330.9440694,21792585.9032678,21737455.353981,3.27831672006519e-11,3.29437925319855e-11,3.28663118919555e-11
2030,"p_prevent","a7",3.89780150247916,3.9974924213594,3.94588928624207,11854508.8292378,11854508.8292378,11854508.8292378,5218255623.31993,5218255623.31993,5218255623.31993,20.3466292327859,20.4463201516661,20.3982323679032,57.9457454248584,59.4277769246488,58.6606311044393,302.478357870994,303.960389370785,303.245503691204,3103274.56262769,3103274.56262769,3103274.56262769,2823979.8519912,2823979.8519912,2823979.8519912,534151.134092292,534151.134092292,534151.134092292,255217348.873152,256467818.999297,255819010.647751,17167551.450115,17251666.0697606,17208023.0697623,6.55650308155699e-11,6.58862750911515e-11,6.57313168920221e-11
2030,"p_transmission","a2",103.859699760801,203.366204102264,152.081660297017,25978758.0502298,25993259.4161268,25985713.3443094,5161256067.444,5162910743.01199,5162049699.93789,821.736536759904,1609.06610724704,1203.28183143543,1544.00569613762,3023.29564074372,2260.88608302799,12216.1521398943,23920.8012421877,17888.3051469827,6576900.77221008,6580572.00408274,6578661.60615429,6412478.25290482,6416057.70398067,6414195.06600043,1132049.04541666,1132680.95620274,1132352.12895931,3207609.70863679,6282927.08435391,4289975.6026233,215764.34732217,422629.866089458,288571.20098986,1.24873116843046e-09,2.44654155958374e-09,1.82906783092441e-09
2030,"p_transmission","a3",3.13795173964893,4.82996454414035,3.95465222728419,23708546.2772787,23708546.2772787,23708546.2772787,6591785597.78302,6591785597.78302,6591785597.78302,16.2191558827985,24.964714089285,20.4404188253054,46.649618392711,71.8035271185144,58.7909032977453,241.11825017076,371.13202565651,303.872658696262,6206425.7270363,6206425.7270363,6206425.7270363,5647847.41160304,5647847.41160304,5647847.41160304,1068281.02826612,1068281.02826612,1068281.02826612,264044105.380412,406419769.648681,322487795.094607,17761295.5554632,27338393.4775352,21692591.9760747,2.61328445648595e-11,4.02239794484838e-11,3.29342841182538e-11
2030,"p_transmission","a7",3.13795173964893,4.82996454414035,3.95465222728419,11854508.8292378,11854508.8292378,11854508.8292378,5218255623.31993,5218255623.31993,5218255623.31993,16.2191558827985,24.964714089285,20.4404188253054,46.649618392711,71.8035271185144,58.7909032977453,241.11825017076,371.13202565651,303.872658696262,3103274.56262769,3103274.56262769,3103274.56262769,2823979.8519912,2823979.8519912,2823979.8519912,534151.134092292,534151.134092292,534151.134092292,209025250.786255,321734106.326349,255291032.337346,14060375.452884,21641894.0483533,17172507.8712523,5.22646499865773e-11,8.04463594357121e-11,6.58672586417796e-11
2030,"suspect_bite_incidence","a2",111.818301994929,192.121285383533,151.745279839436,25978073.2911266,25993245.6716685,25985616.9229536,5161177933.13816,5162909174.70322,5162038697.79762,884.715273181881,1520.09127532757,1200.62031248622,1662.32037652941,2856.12571252024,2255.88536240421,13152.4106501253,22598.0779181945,17848.7383041416,6576727.41547508,6580568.52447305,6578637.19568445,6412309.2300882,6416054.31136122,6414171.26579234,1132019.20638865,1132680.35727492,1132347.92730719,3395307.91137917,5835673.16085186,4299476.39908588,228390.129099551,392544.706217338,289210.285334277,1.34443592509011e-09,2.31131865333325e-09,1.82502891825958e-09
2030,"suspect_bite_incidence","a3",0,37.5177817428494,3.12871239759859,23708074.8960818,23712556.1755042,23708448.6080858,6591730978.73815,6592250225.58865,6591774280.83177,0,193.915434481785,16.1713584355667,0,557.749241051346,46.5122638963361,0,2882.79800633392,240.407680710645,6206302.32881723,6207475.43861366,6206400.15918477,5647735.11922367,5648802.64913843,5647824.14485814,1068259.78834766,1068461.70987138,1068276.62739968,33992812.3635632,Inf,407620318.79363,2286574.00353933,Inf,27419150.0926529,0,3.12449223721173e-10,2.60559390641851e-11
2030,"suspect_bite_incidence","a7",0,37.5177817428494,3.12871239759859,2370807.48960818,11858518.7274633,3651417.24600061,4119377024.70458,5218720251.12555,4267761564.04021,0,193.915434481785,16.1713584355667,0,557.749241051346,46.5122638963361,0,2882.79800633392,240.407680710645,620630.232881723,3104324.27420505,955868.389005396,564773.511922367,2824935.08952659,869840.23399491,106825.978834766,534331.815697544,164528.846457554,21243162.1841403,Inf,263908661.788972,1428950.97598018,Inf,17752184.7531023,0,3.12449223721173e-09,1.69179759698858e-10
2031,"non_suspect_bite_incidence","a2",115.306906961144,189.600353738967,152.910489508411,22098749.0550668,29981889.6478486,26065243.4038147,4582166233.88596,5455086107.86029,5021386073.52694,912.329674969406,1500.15147926732,1209.83952972017,1663.52113733561,2735.34521394598,2206.02423672065,13162.0883651103,21642.5343523213,17454.2330855503,5594620.01394096,7590351.80958192,6598795.7984341,5454754.51359243,7400593.01434237,6433825.90347325,962973.969899587,1306489.30522429,1135817.72680547,3054469.03010348,5979292.63677981,4150456.27967567,211720.409416585,414454.451036849,287688.725646958,1.20195966913905e-09,2.68141799716365e-09,1.83342471365346e-09
2031,"non_suspect_bite_incidence","a3",2.18311517246099,2.18316754991696,2.18314044176821,20090062.8305343,27503939.3457244,23776108.575856,5995495850.49335,6829154691.56947,6409975997.00003,11.2839751919377,11.2840275693937,11.2840023000864,31.4955827915037,31.4963384357874,31.4959473492548,162.792773994748,162.793529639032,162.793165081281,5259178.75144877,7199984.12191739,6224112.19263245,4785852.66381838,6551985.55094482,5663942.09529553,905236.14259312,1239297.26698503,1071325.31115686,531325877.539975,605208233.393569,568058728.324694,36828833.8227409,41949986.6240364,39374970.0351339,1.56722223283636e-11,2.14558738211459e-11,1.81294969480843e-11
2031,"non_suspect_bite_incidence","a7",2.18311517246099,2.18316754991696,2.18314044176821,10045161.7990607,13752100.0566558,11888184.6717215,4865989507.15661,5282818927.69466,5073229580.40994,11.2839751919377,11.2840275693937,11.2840023000864,31.4955827915037,31.4963384357874,31.4959473492548,162.792773994748,162.793529639032,162.793165081281,2629623.50760752,3600026.19284182,3112090.22819935,2392957.39192284,3276023.83548606,2832002.10766141,452623.946246944,619654.508442899,535668.530528814,431228076.7866,468170023.226318,449594872.944246,29890558.4143679,32451188.0844606,31163652.2201466,3.13441474797444e-11,4.29111906580881e-11,3.62585962252622e-11
2031,"p_prevent","a2",113.922530052223,191.727543652005,153.162422141005,26016091.6954192,26030773.2863299,26023536.6893042,5015943381.92539,5017569111.20634,5016767784.71857,901.639187127272,1514.21835147372,1212.51445250632,1643.5488710532,2766.03396865048,2209.65884344587,13007.8577733574,21845.4757013545,17492.823927268,6586352.32795424,6590069.18641264,6588237.1365327,6421693.51975538,6425317.45675233,6423531.20811939,1133675.89444912,1134315.65871128,1134000.31712569,3312562.79983899,5564941.25681571,4137491.12379544,229610.1696524,385733.700247192,286790.046339995,1.36817863610031e-09,2.29902421868168e-09,1.84042320787568e-09
2031,"p_prevent","a3",2.15625973116036,2.21140864364529,2.18286184304901,23742712.3673056,23742712.3673056,23742712.3673056,6406220735.57109,6406220735.57109,6406220735.57109,11.2557340982094,11.3108830106943,11.2842808988056,31.1081420437337,31.9037698516208,31.4919280335829,162.385342578915,163.180970386802,162.797184396953,6215369.72966116,6215369.72966116,6215369.72966116,5655986.45399166,5655986.45399166,5655986.45399166,1069820.51471793,1069820.51471793,1069820.51471793,566376712.544378,569151747.871357,567711916.516465,39258381.1726691,39450732.6451453,39350930.7872957,1.81095165497467e-11,1.81982464481818e-11,1.81554459181318e-11
2031,"p_prevent","a7",2.15625973116036,2.21140864364529,2.18286184304901,11871486.5674464,11871486.5674464,11871486.5674464,5071351949.69547,5071351949.69547,5071351949.69547,11.2557340982094,11.3108830106943,11.2842808988056,31.1081420437337,31.9037698516208,31.4919280335829,162.385342578915,163.180970386802,162.797184396953,3107718.99671371,3107718.99671371,3107718.99671371,2828024.28700948,2828024.28700948,2828024.28700948,534916.132309348,534916.132309348,534916.132309348,448360392.809348,450557192.045098,449417379.377027,31078084.2746211,31230355.3335237,31151349.2600085,3.6218635308121e-11,3.63960931559613e-11,3.63104930360123e-11
2031,"p_transmission","a2",104.010296303714,203.661085055644,152.302178672614,26016427.2439647,26030949.6368393,26023392.6232193,5015980538.05505,5017588638.9393,5016751831.92068,822.9280545662,1611.39925276574,1205.02658983914,1500.54607275238,2938.19796898146,2197.24819753888,11872.3001887359,23247.4947798739,17384.7972864658,6586437.2769531,6590113.83211121,6588200.66410616,6421776.34502927,6425360.98630843,6423495.64750351,1133690.51629555,1134323.34335214,1133994.03930927,3112810.5151134,6097238.52662221,4163187.66259785,215764.34732217,422629.866089458,288571.20098986,1.24873116843046e-09,2.44654155958375e-09,1.82906783092441e-09
2031,"p_transmission","a3",1.73591163383409,2.6719313548517,2.1877094929059,23742712.3673056,23742712.3673056,23742712.3673056,6406220735.57109,6406220735.57109,6406220735.57109,8.97242014023726,13.8104538305551,11.3076184030984,25.0438223653237,38.5476846395973,31.5618645899945,129.444201997111,199.242026941783,163.133872221705,6215369.72966116,6215369.72966116,6215369.72966116,5655986.45399166,5655986.45399166,5655986.45399166,1069820.51471793,1069820.51471793,1069820.51471793,463867503.137193,713990276.362793,566540230.418078,32152959.061408,49490209.9648625,39269715.4081206,1.44358590566525e-11,2.22198427949483e-11,1.81929939728861e-11
2031,"p_transmission","a7",1.73591163383409,2.6719313548517,2.1877094929059,11871486.5674464,11871486.5674464,11871486.5674464,5071351949.69547,5071351949.69547,5071351949.69547,8.97242014023726,13.8104538305551,11.3076184030984,25.0438223653237,38.5476846395973,31.5618645899945,129.444201997111,199.242026941783,163.133872221705,3107718.99671371,3107718.99671371,3107718.99671371,2828024.28700948,2828024.28700948,2828024.28700948,534916.132309348,534916.132309348,534916.132309348,367211100.512519,565215613.004205,448489838.347026,25453224.0388083,39177899.6003905,31087056.787344,2.88714010170329e-11,4.44391975116126e-11,3.63855883207452e-11
2031,"suspect_bite_incidence","a2",110.970449085613,189.943348585312,152.07343450222,26015550.2270087,26030471.126433,26023316.4894504,5015883423.77404,5017535652.28523,5016743401.43803,877.986159558934,1502.82991781816,1203.21664503788,1600.95949617093,2740.2935660606,2193.94812842316,12666.6179260759,21681.1759156222,17358.6853950477,6586215.24734396,6589992.69023621,6588181.38973427,6421559.86616036,6425242.87298031,6423476.85499092,1133652.29944908,1134302.49180691,1133990.72170801,3337625.47864113,5714823.17535148,4169443.15234278,231347.388319464,396122.759963886,289004.800033375,1.33230217517504e-09,2.2817807517363e-09,1.82632592191941e-09
2031,"suspect_bite_incidence","a3",0,16.372788145615,1.67699601985334,23742451.5997185,23744407.2567648,23742651.9098812,6406191413.36644,6406411318.67285,6406213937.39118,0,84.625762535309,8.66786924110321,0,236.208566122812,24.1938527341973,0,1220.88735575978,125.050476838263,6215301.4658949,6215813.41800126,6215353.90311026,5655924.33396436,5656390.21038115,5655972.05183033,1069808.76481716,1069896.88457347,1069817.79057285,75700250.3899866,Inf,739075978.097683,5247160.09478184,Inf,51229024.4656707,0,1.36157132521527e-10,1.39458981358498e-11
2031,"suspect_bite_incidence","a7",0,16.372788145615,1.67699601985334,2374245.15997185,11873181.4569056,3134203.92132551,4003427598.79033,5071542532.79723,4088881725.11111,0,84.625762535309,8.66786924110321,0,236.208566122812,24.1938527341973,0,1220.88735575978,125.050476838263,621530.14658949,3108162.68505381,820472.230713483,565592.433396436,2828428.04339897,746629.72994927,106980.876481716,534992.502164887,141223.782711558,47307433.0895387,Inf,471728588.811833,3279112.99916684,Inf,32697849.9282298,0,1.36157132521527e-09,1.05644882503404e-10
2032,"non_suspect_bite_incidence","a2",115.474102007258,189.875274302896,153.132209759335,22130792.2471418,30025363.3959039,26103038.0137624,4453190533.8434,5301540052.64504,4880047512.03441,913.652553243551,1502.32669931584,1211.59379736374,1616.69747527883,2658.35257644239,2143.93056623401,12791.6108498342,21033.3550086861,16962.9431986259,5602732.21446627,7601357.82174782,6608364.05411707,5462663.90910461,7411323.87620412,6443154.95276415,964370.282415006,1308383.71506834,1137464.6628149,2964195.82762616,5802577.83314245,4027791.75879961,211720.409416585,414454.451036849,287688.725646958,1.20195966913905e-09,2.68141799716365e-09,1.83342471365346e-09
2032,"non_suspect_bite_incidence","a3",1.05064924678458,1.05067445403675,1.05066140792887,20119057.778739,27543684.4168706,23810448.291383,5826723906.95329,6636917485.71978,6229537548.07347,5.43054264186197,5.43056784911414,5.43055568796985,14.7096357984535,14.7099887130918,14.7098060607974,76.0304208985356,76.0307738131738,76.0306035508299,5266769.05202592,7210388.59080383,6233101.6469589,4792759.83734358,6561453.61763149,5672122.4987326,906542.623079961,1241088.13619211,1072872.6209828,1072949287.96512,1222146279.55562,1147127090.8562,76636388.3296911,87292920.4821436,81934606.028857,7.53155336008952e-12,1.03110043282137e-11,8.71244525688009e-12
2032,"non_suspect_bite_incidence","a7",1.05064924678458,1.05067445403675,1.05066140792887,10059591.6380674,13771904.9571333,11905286.8943894,4729010140.29284,5134106929.67608,4930416960.85293,5.43054264186197,5.43056784911414,5.43055568796985,14.7096357984535,14.7099887130918,14.7098060607974,76.0304208985356,76.0307738131738,76.0306035508299,2633400.95237367,3605210.72176263,3116567.24984016,2396394.86666004,3280741.75680399,2836076.19735455,453274.138927318,620546.895483393,536439.137878738,870813195.173367,945413242.886488,907902845.334067,62198632.2526873,67527009.1760727,64847794.5799381,1.50630380884003e-11,2.06218800225586e-11,1.74247986731182e-11
2032,"p_prevent","a2",114.087717751447,192.00554864188,153.384507694314,26053815.0353766,26068517.9145981,26061270.8245047,4874758017.61593,4876337986.97431,4875559215.67975,902.946564191171,1516.41396849072,1214.27259878865,1597.28737476993,2688.17752494271,2147.46286852006,12641.7214359268,21230.584102593,17000.4478115662,6595902.54060167,6599624.78850584,6597790.08215308,6431004.97708663,6434634.16879319,6432845.33009925,1135319.72480106,1135960.41672157,1135644.6178906,3214661.77370269,5400472.38713663,4015209.78118388,229610.1696524,385733.700247192,286790.046339995,1.36817863610031e-09,2.29902421868168e-09,1.84042320787567e-09
2032,"p_prevent","a3",1.03772475726131,1.06426580470314,1.05052732909593,23777003.6583213,23777003.6583213,23777003.6583213,6225887987.19028,6225887987.19028,6225887987.19028,5.41695129119558,5.44349233863741,5.43068976680279,14.528686224321,14.9002746899994,14.7079288874145,75.8401349216279,76.2117233873063,76.0324807242127,6224346.50741395,6224346.50741395,6224346.50741395,5664155.3217467,5664155.3217467,5664155.3217467,1071365.64258863,1071365.64258863,1071365.64258863,1143730458.29412,1149334312.3298,1146426744.02954,81691998.4285155,82092258.8498033,81884583.1135381,8.70284339848903e-12,8.74548409564531e-12,8.72491555592893e-12
2032,"p_prevent","a7",1.03772475726131,1.06426580470314,1.05052732909593,11888564.5778586,11888564.5778586,11888564.5778586,4928592180.41134,4928592180.41134,4928592180.41134,5.41695129119558,5.44349233863741,5.43068976680279,14.528686224321,14.9002746899994,14.7079288874145,75.8401349216279,76.2117233873063,76.0324807242127,3112189.68006769,3112189.68006769,3112189.68006769,2832092.6088616,2832092.6088616,2832092.6088616,535685.648681651,535685.648681651,535685.648681651,905409959.967912,909846132.163308,907544417.38493,64669737.9531013,64986595.626504,64822193.5344773,1.74055949285127e-11,1.74908758727039e-11,1.74497390103956e-11
2032,"p_transmission","a2",104.161111261336,203.956393683764,152.523016872662,26054151.0704676,26068694.5208157,26061126.549524,4874794127.90012,4876356965.05392,4875543711.91037,824.12130046671,1613.73578211575,1206.77387871859,1458.30972201762,2855.49557003518,2135.40154903689,11538.1267542075,22593.1401012294,16895.4618312092,6595987.6127766,6599669.49894068,6597753.55684151,6431087.92245719,6434677.76146717,6432809.71792047,1135334.36784917,1135968.11250517,1135638.33097134,3020813.06117463,5917037.89514041,4040146.87249234,215764.34732217,422629.866089458,288571.20098986,1.24873116843046e-09,2.44654155958375e-09,1.82906783092441e-09
2032,"p_transmission","a3",0.835427408310486,1.28589764793328,1.05286031625807,23777003.6583213,23777003.6583213,23777003.6583213,6225887987.19028,6225887987.19028,6225887987.19028,4.31808022824025,6.64643949978561,5.44192120874244,11.6964181432595,18.0032357450162,14.7405919208507,60.4553686211705,93.0536091826154,76.1897267517803,6224346.50741395,6224346.50741395,6224346.50741395,5664155.3217467,5664155.3217467,5664155.3217467,1071365.64258863,1071365.64258863,1071365.64258863,936725292.901727,1441818506.86168,1144060663.2063,66906464.3690728,102983211.072674,81715583.6176405,6.93740334522972e-12,1.06781322213808e-11,8.74295992721557e-12
2032,"p_transmission","a7",0.835427408310486,1.28589764793328,1.05286031625807,11888564.5778586,11888564.5778586,11888564.5778586,4928592180.41134,4928592180.41134,4928592180.41134,4.31808022824025,6.64643949978561,5.44192120874244,11.6964181432595,18.0032357450162,14.7405919208507,60.4553686211705,93.0536091826154,76.1897267517803,3112189.68006769,3112189.68006769,3112189.68006769,2832092.6088616,2832092.6088616,2832092.6088616,535685.648681651,535685.648681651,535685.648681651,741538711.150582,1141385041.47708,905671359.683334,52965083.5008355,81524474.8782398,64688408.6678546,1.38747334582329e-11,2.13561517228636e-11,1.74858275624899e-11
2032,"suspect_bite_incidence","a2",115.249207956429,187.832242385134,152.744223293002,26054051.1157289,26067765.1581219,26061135.3809419,4874783386.77779,4876257095.86797,4875544660.93331,911.855284635326,1486.16163716135,1208.52403001291,1613.54884162106,2629.74906720574,2138.49855395022,12766.4481547293,20807.0357326007,16919.964859418,6595962.30777946,6599434.21724606,6597755.79264351,6431063.25008497,6434448.36181491,6432811.89782742,1135330.01222654,1135927.61464348,1135638.71580876,3280116.55319598,5347621.68738004,4034296.82807486,234285.337393827,381958.790477017,288153.356194441,1.38171736336489e-09,2.2531384623113e-09,1.83171985747094e-09
2032,"suspect_bite_incidence","a3",0,3.06560408438959,0.761104442296695,23776878.1609254,23777244.333759,23776969.0716321,6225874292.60479,6225914250.28791,6225884213.00542,0,15.8451377349745,3.9339095236422,0,42.9200513126796,10.6558579707095,0,221.840167849657,55.0767789858883,6224313.65469253,6224409.51145524,6224337.45330684,5664125.4257702,5664212.65542427,5664147.08250922,1071359.98781395,1071376.48715923,1071364.08415044,392920175.055506,Inf,1582620082.03005,28064684.3759337,Inf,113040092.896511,0,2.54568432987448e-11,6.32020605109097e-12
2032,"suspect_bite_incidence","a7",0,3.06560408438959,0.761104442296695,2377687.81609255,11888805.2532963,2710655.02105216,3890741840.40268,4928618443.50896,3927076043.39312,0,15.8451377349745,3.9339095236422,0,42.9200513126796,10.6558579707095,0,221.840167849657,55.0767789858883,622431.365469253,3112252.68410898,709595.555249258,566412.54257702,2832149.94253917,645731.955276824,107135.998781395,535696.493252258,122139.134947278,245547997.466425,Inf,998262928.974851,17538491.2395102,Inf,71301846.5440637,0,2.54568432987448e-10,5.54387565499949e-11
2033,"non_suspect_bite_incidence","a2",115.641539431305,190.150593411395,153.35425143184,22162881.8913265,30068900.1666228,26140887.4134879,4327845152.06795,5152315904.95893,4742687250.03135,914.977349256937,1504.50507271938,1213.35060811953,1571.19177308303,2583.52707412994,2083.58466518119,12431.5612778902,20441.3224213657,16485.4817976128,5610856.17501937,7612379.78901844,6617946.18062985,5470584.77064389,7422070.29429298,6452497.5261141,965768.619125209,1310280.8711848,1139113.98634091,2876590.60148293,5631085.74124067,3908752.52239057,211720.409416585,414454.451036849,287688.725646958,1.20195966913905e-09,2.68141799716365e-09,1.83342471365346e-09
2033,"non_suspect_bite_incidence","a3",0.0540672535775316,0.0540685507629614,0.054067879399778,20148111.18719,27583503.5324125,23844854.2153145,5662704615.71781,6450093416.05169,6054180132.12789,0.279460083352965,0.279461380538395,0.279460754716148,0.734597830779268,0.734615455303169,0.734606333664735,3.79695208165323,3.79696970617713,3.79696120329166,5274374.65633246,7220812.44303993,6242108.43332839,4799680.93726254,6570939.32316634,5680318.67432884,907851.737721225,1242882.34175825,1074422.91408665,20262923645.5082,23080553539.7521,21663793681.0741,1491374715.60687,1698755548.48805,1594480377.32895,3.87020277229792e-13,5.29847420305782e-13,4.47702499405534e-13
2033,"non_suspect_bite_incidence","a7",0.0540672535775316,0.0540685507629614,0.054067879399778,10074058.8226934,13791754.9953046,11922430.3367556,4595888550.40577,4989582950.5727,4791626308.6108,0.279460083352965,0.279461380538395,0.279460754716148,0.734597830779268,0.734615455303169,0.734606333664735,3.79695208165323,3.79696970617713,3.79696120329166,2637188.17347994,3610407.06683367,3121055.0619779,2399841.23786674,3285470.43081864,2840160.10639989,453926.014360234,621441.316378746,537211.602542947,16445522961.1747,17854367216.6258,17145972118.6172,1210409591.34567,1314102164.91334,1261963462.90208,7.74040373231519e-13,1.05969450094123e-12,8.95404756297526e-13
2033,"p_prevent","a2",114.253144918609,192.283956647731,153.606915198772,26091593.0617936,26106317.2601869,26099059.6618143,4737546640.70823,4739082138.16249,4738325287.19326,904.255836522643,1518.61276843165,1216.03329380595,1552.32801489658,2612.51253024209,2087.01754262224,12285.8908493749,20633.0000447291,16521.9307561877,6605466.59792242,6609194.24308528,6607356.87640869,6440329.93297436,6443964.38700815,6442172.95449847,1136965.9381674,1137607.55909105,1137291.30235185,3119654.1601589,5240864.30714879,3896542.39841018,229610.1696524,385733.700247192,286790.046339995,1.36817863610031e-09,2.29902421868168e-09,1.84042320787567e-09
2033,"p_prevent","a3",0.0534021489723994,0.0547679725777964,0.0540609795954124,23811361.0875417,23811361.0875417,23811361.0875417,6050633296.60504,6050633296.60504,6050633296.60504,0.27876066153813,0.280126485143527,0.279467654520514,0.725561226035312,0.74411831912518,0.734512587802233,3.78744921783122,3.80600631092109,3.79705494915416,6233340.59883292,6233340.59883292,6233340.59883292,5672339.94493795,5672339.94493795,5672339.94493795,1072913.75057412,1072913.75057412,1072913.75057412,21599647364.6714,21705477606.5575,21650567422.5026,1589759133.93605,1597548362.66023,1593506909.33585,4.47209096179219e-13,4.49400254489504e-13,4.48343308197918e-13
2033,"p_prevent","a7",0.0534021489723994,0.0547679725777964,0.0540609795954124,11905683.7728692,11905683.7728692,11905683.7728692,4789852890.84938,4789852890.84938,4789852890.84938,0.27876066153813,0.280126485143527,0.279467654520514,0.725561226035312,0.74411831912518,0.734512587802233,3.78744921783122,3.80600631092109,3.79705494915416,3116671.14473017,3116671.14473017,3116671.14473017,2836170.74170445,2836170.74170445,2836170.74170445,536457.02078668,536457.02078668,536457.02078668,17098893338.8259,17182671559.2516,17139203100.5069,1258498410.02765,1264664584.35901,1261465255.30698,8.9441794977142e-13,8.98800265203404e-13,8.96686373193568e-13
2033,"p_transmission","a2",104.312144851139,204.252130412456,152.744175215607,26091929.5841354,26106494.1224835,26098915.1776349,4737581734.58467,4739100582.06001,4738310219.81345,825.316276182072,1616.07569866632,1208.52370059334,1417.26221069648,2775.12102067242,2075.29571696577,11213.3594010057,21957.2037427977,16419.8998498812,6605551.79345199,6609239.01835025,6607320.29813542,6440412.99861569,6444008.04289149,6442137.29068204,1136980.60244792,1137615.26603354,1137285.00631656,2931534.54290192,5742162.99717627,3920742.48729017,215764.34732217,422629.866089458,288571.20098986,1.24873116843046e-09,2.44654155958375e-09,1.82906783092441e-09
2033,"p_transmission","a3",0.0429917650148035,0.0661733251304706,0.0541810369874243,23811361.0875417,23811361.0875417,23811361.0875417,6050633296.60504,6050633296.60504,6050633296.60504,0.222211874593633,0.342031111641114,0.280045633538013,0.584118023970999,0.899079902895157,0.736143776625509,3.01913543316565,4.64708850635974,3.80490780100805,6233340.59883292,6233340.59883292,6233340.59883292,5672339.94493795,5672339.94493795,5672339.94493795,1072913.75057412,1072913.75057412,1072913.75057412,17690300942.4296,27229117740.31,21605883370.3748,1302026696.57023,2004094692.18835,1590218111.19892,3.56489222865887e-13,5.4871237375534e-13,4.49270546182646e-13
2033,"p_transmission","a7",0.0429917650148035,0.0661733251304706,0.0541810369874243,11905683.7728692,11905683.7728692,11905683.7728692,4789852890.84938,4789852890.84938,4789852890.84938,0.222211874593633,0.342031111641114,0.280045633538013,0.584118023970999,0.899079902895157,0.736143776625509,3.01913543316565,4.64708850635974,3.80490780100805,3116671.14473017,3116671.14473017,3116671.14473017,2836170.74170445,2836170.74170445,2836170.74170445,536457.02078668,536457.02078668,536457.02078668,14004143856.5836,21555341718.8382,17103829937.7705,1030721253.59658,1586498186.94191,1258861749.44381,7.12978252355436e-13,1.09742444986356e-12,8.98540848660048e-13
2033,"suspect_bite_incidence","a2",116.211577221606,188.808613356211,152.3862576014,26091979.7948015,26105695.8142375,26098814.543408,4737586970.75088,4739017331.32902,4738299725.27954,919.472333530057,1493.85794118004,1205.69175179154,1578.93672953097,2565.29393720772,2070.43278264607,12492.633469983,20296.6625909639,16381.4228918517,6605564.50501303,6609036.91499684,6607294.82111594,6440425.3923877,6443810.99212192,6442112.45058804,1136982.79042537,1137580.47899383,1137280.62108458,3171377.17058191,5154061.90976393,3929942.88817094,233417.043295584,379344.942979061,289248.36118091,1.39123497925037e-09,2.26151442476466e-09,1.82478878941247e-09
2033,"suspect_bite_incidence","a3",0,0,0.0335179641769099,23811354.629345,23811354.629345,23811358.6329292,6050632612.69872,6050632612.69872,6050633036.66792,0,0,0.173244080973903,0,0,0.455399935215635,0,0,2.35382264971682,6233338.9082055,6233338.9082055,6233339.95626419,5672338.40646701,5672338.40646701,5672339.36020041,1072913.45957487,1072913.45957487,1072913.63997197,Inf,Inf,34925482028.9034,Inf,Inf,2570556043.12239,0,0,2.77931385404066e-13
2033,"suspect_bite_incidence","a7",0,0,0.0335179641769099,2381135.4629345,2381135.4629345,2590679.38725692,3781227882.33854,3781227882.33854,3803418041.44904,0,0,0.173244080973903,0,0,0.455399935215635,0,0,2.35382264971682,623333.89082055,623333.89082055,678188.321271444,567233.840646701,567233.840646701,617151.372357014,107291.345957487,107291.345957487,116733.164798847,Inf,Inf,21954100942.8309,Inf,Inf,1615847328.98488,0,0,2.55451289177482e-12
2034,"non_suspect_bite_incidence","a2",115.809219715468,190.426311857325,153.576615165357,22195018.0800324,30112500.0853821,26178791.7119893,4206027909.69871,5007292020.48437,4609193314.38475,916.304066824694,1506.68660575118,1215.10996704677,1526.96693547793,2510.8077108675,2024.9373408808,12081.6461446065,19865.9539781205,16021.4596662401,5618991.91899555,7623417.74313472,6627542.2055669,5478517.12102066,7432832.29955635,6461853.65042773,967168.984057109,1312180.77903706,1140765.7021332,2791574.50105673,5464662.0066157,3793231.4271004,211720.409416585,414454.451036849,287688.725646958,1.20195966913905e-09,2.68141799716365e-09,1.83342471365346e-09
2034,"non_suspect_bite_incidence","a3",0,0,0,20177319.489908,27623493.1573738,23879422.7970852,5503313992.22525,6268539908.03834,5883770522.00606,0,0,0,0,0,0,0,0,0,5282020.80887645,7231280.93124968,6251157.80028408,4806638.93607757,6580465.64743721,5688553.59825851,909167.831727859,1244684.23029135,1075980.5363739,Inf,Inf,Inf,Inf,Inf,Inf,0,0,0
2034,"non_suspect_bite_incidence","a7",0,0,0,2017731.9489908,2762349.31573738,2387942.27970852,3637095498.35605,3713618089.93736,3675141151.33413,0,0,0,0,0,0,0,0,0,528202.080887645,723128.093124969,625115.780028408,480663.893607757,658046.564743721,568855.359825851,90916.7831727859,124468.423029135,107598.05363739,Inf,Inf,Inf,Inf,Inf,Inf,0,0,0
2034,"p_prevent","a2",114.418812030105,192.562768471312,153.829645294866,26129425.8834628,26144171.4319504,26136903.310057,4604197399.4372,4605689676.75327,4604954129.11046,905.567007892116,1520.81475762858,1217.79654262864,1508.6341415294,2538.97730407137,2028.27359202202,11940.075948256,20052.2363900839,16056.8826843146,6615044.52745894,6618777.57770897,6616937.54684987,6449668.41427247,6453308.13826624,6451514.10817862,1138614.53928887,1139257.09056316,1138940.37525153,3027454.44594223,5085973.35880634,3781382.16681955,229610.1696524,385733.700247192,286790.046339995,1.36817863610031e-09,2.29902421868168e-09,1.84042320787567e-09
2034,"p_prevent","a3",0,0,0,23845881.1042621,23845881.1042621,23845881.1042621,5880323520.39763,5880323520.39763,5880323520.39763,0,0,0,0,0,0,0,0,0,6242377.25242464,6242377.25242464,6242377.25242464,5680563.29970642,5680563.29970642,5680563.29970642,1074469.18457359,1074469.18457359,1074469.18457359,Inf,Inf,Inf,Inf,Inf,Inf,0,0,0
2034,"p_prevent","a7",0,0,0,2384588.11042621,2384588.11042621,2384588.11042621,3674796451.17329,3674796451.17329,3674796451.17329,0,0,0,0,0,0,0,0,0,624237.725242464,624237.725242464,624237.725242464,568056.329970642,568056.329970642,568056.329970642,107446.918457359,107446.918457359,107446.918457359,Inf,Inf,Inf,Inf,Inf,Inf,0,0,0
2034,"p_transmission","a2",104.463397508067,204.548296093377,152.965654338337,26129762.8937622,26144348.5506974,26136758.6163755,4604231505.51507,4605707601.5045,4604939485.83701,826.512985153563,1618.41900915591,1210.2760605025,1377.37007774004,2697.00880128821,2016.88170434319,10897.7333857651,21339.167302929,15957.723674577,6615129.84652207,6618822.41789809,6616900.91553809,6449751.60035901,6453351.85745063,6451478.39264964,1138629.22483261,1139264.80868071,1138934.07008699,2844894.60360233,5572456.43351723,3804867.03498461,215764.34732217,422629.866089458,288571.20098986,1.24873116843046e-09,2.44654155958375e-09,1.82906783092441e-09
2034,"p_transmission","a3",0,0,0,23845881.1042621,23845881.1042621,23845881.1042621,5880323520.39763,5880323520.39763,5880323520.39763,0,0,0,0,0,0,0,0,0,6242377.25242464,6242377.25242464,6242377.25242464,5680563.29970642,5680563.29970642,5680563.29970642,1074469.18457359,1074469.18457359,1074469.18457359,Inf,Inf,Inf,Inf,Inf,Inf,0,0,0
2034,"p_transmission","a7",0,0,0,2384588.11042621,2384588.11042621,2384588.11042621,3674796451.17329,3674796451.17329,3674796451.17329,0,0,0,0,0,0,0,0,0,624237.725242464,624237.725242464,624237.725242464,568056.329970642,568056.329970642,568056.329970642,107446.918457359,107446.918457359,107446.918457359,Inf,Inf,Inf,Inf,Inf,Inf,0,0,0
2034,"suspect_bite_incidence","a2",115.393247686089,190.848143632515,153.704790540975,26129626.9084441,26143882.6965175,26136865.2085786,4604217743.54443,4605660456.18292,4604950273.16899,913.006133458219,1509.99468949073,1216.12415618248,1521.48226390769,2516.36964431832,2026.6273579709,12038.1622560319,19909.571701325,16034.8319459286,6615095.41985926,6618704.48013102,6616927.90090597,6449718.03436278,6453236.86812774,6451504.70338332,1138623.29914328,1139244.50864255,1138938.71494344,3049161.54711596,5044501.11275587,3786579.06740734,231256.493741551,382588.335181741,287184.193055309,1.37943329574392e-09,2.28264989943691e-09,1.83789845438088e-09
2034,"suspect_bite_incidence","a3",0,0,0,23845881.1042621,23845881.1042621,23845881.1042621,5880323520.39763,5880323520.39763,5880323520.39763,0,0,0,0,0,0,0,0,0,6242377.25242464,6242377.25242464,6242377.25242464,5680563.29970642,5680563.29970642,5680563.29970642,1074469.18457359,1074469.18457359,1074469.18457359,Inf,Inf,Inf,Inf,Inf,Inf,0,0,0
2034,"suspect_bite_incidence","a7",0,0,0,2384588.11042621,2384588.11042621,2384588.11042621,3674796451.17329,3674796451.17329,3674796451.17329,0,0,0,0,0,0,0,0,0,624237.725242464,624237.725242464,624237.725242464,568056.329970642,568056.329970642,568056.329970642,107446.918457359,107446.918457359,107446.918457359,Inf,Inf,Inf,Inf,Inf,Inf,0,0,0
2035,"non_suspect_bite_incidence","a2",115.977143020475,190.702429904973,153.799301173032,22227200.8440633,30156163.193974,26216750.9455993,4087639492.15506,4866350164.8402,4479456870.79518,917.632707218534,1508.87130050234,1216.87187583189,1483.98690704877,2440.1352003593,1967.94077962187,11741.5801728416,19306.7805953093,15570.4984987567,5627139.45419323,7634471.69467695,6637152.13812641,5486460.9678384,7443609.90231003,6471223.33467325,968571.37855301,1314083.44044627,1142419.81177501,2709071.00611841,5303156.83667244,3681124.49614541,211720.409416585,414454.451036849,287688.725646958,1.20195966913905e-09,2.68141799716365e-09,1.83342471365346e-09
2035,"non_suspect_bite_incidence","a3",0,0,0,20206576.5920909,27663547.2072865,23914047.947031,5348410446.93897,6092097303.29229,5718158144.66448,0,0,0,0,0,0,0,0,0,5289679.73614946,7241766.28462998,6260221.97566256,4813608.55989601,6590007.31901328,5696801.99785293,910486.124584726,1246489.02174193,1077540.70756092,Inf,Inf,Inf,Inf,Inf,Inf,0,0,0
2035,"non_suspect_bite_incidence","a7",0,0,0,2020657.65920909,2766354.72072865,2391404.7947031,3534721003.99937,3609089689.6347,3571695773.77192,0,0,0,0,0,0,0,0,0,528967.973614946,724176.628462998,626022.197566256,481360.855989601,659000.731901328,569680.199785293,91048.6124584726,124648.902174193,107754.070756092,Inf,Inf,Inf,Inf,Inf,Inf,0,0,0
2035,"p_prevent","a2",114.584719244732,192.841984379878,154.05269819609,26167313.5366486,26182080.4661734,26174801.8055072,4474601577.46916,4476051851.17665,4475337007.22942,906.880079556397,1523.0199381922,1219.56234694688,1466.17013213561,2467.51189498192,1971.18312423141,11603.9947982461,19487.8196564339,15604.9244537721,6624636.33839206,6628374.80156289,6626532.10266006,6459020.42993225,6462665.43152382,6460868.80009356,1140265.52974573,1140909.01271901,1140591.83817036,2937979.64508621,4935660.12980032,3669625.43443002,229610.1696524,385733.700247192,286790.046339995,1.36817863610031e-09,2.29902421868168e-09,1.84042320787568e-09
2035,"p_prevent","a3",0,0,0,23880457.6187718,23880457.6187718,23880457.6187718,5714808166.91667,5714808166.91667,5714808166.91667,0,0,0,0,0,0,0,0,0,6251428.69601355,6251428.69601355,6251428.69601355,5688800.11337233,5688800.11337233,5688800.11337233,1076027.16430133,1076027.16430133,1076027.16430133,Inf,Inf,Inf,Inf,Inf,Inf,0,0,0
2035,"p_prevent","a7",0,0,0,2388045.76187718,2388045.76187718,2388045.76187718,3571360775.99714,3571360775.99714,3571360775.99714,0,0,0,0,0,0,0,0,0,625142.869601355,625142.869601355,625142.869601355,568880.011337233,568880.011337233,568880.011337233,107602.716430133,107602.716430133,107602.716430133,Inf,Inf,Inf,Inf,Inf,Inf,0,0,0
2035,"p_transmission","a2",104.614869377103,204.844891010414,153.187454453148,26167651.0356127,26182257.8417425,26174656.90202,4474634723.55231,4476069271.39416,4475322776.12489,827.711428528274,1620.76571583066,1212.03096012578,1338.60080008032,2621.09522892472,1960.11188767142,10590.9913864126,20738.5269118209,15508.5565045077,6624721.78116778,6628419.70677026,6626495.4182329,6459103.73663858,6462709.21410101,6460833.03277708,1140280.2365835,1140916.74202783,1140585.52386334,2760815.26148214,5407765.45680045,3692416.21984677,215764.34732217,422629.866089458,288571.20098986,1.24873116843046e-09,2.44654155958375e-09,1.82906783092441e-09
2035,"p_transmission","a3",0,0,0,23880457.6187718,23880457.6187718,23880457.6187718,5714808166.91667,5714808166.91667,5714808166.91667,0,0,0,0,0,0,0,0,0,6251428.69601355,6251428.69601355,6251428.69601355,5688800.11337233,5688800.11337233,5688800.11337233,1076027.16430133,1076027.16430133,1076027.16430133,Inf,Inf,Inf,Inf,Inf,Inf,0,0,0
2035,"p_transmission","a7",0,0,0,2388045.76187718,2388045.76187718,2388045.76187718,3571360775.99714,3571360775.99714,3571360775.99714,0,0,0,0,0,0,0,0,0,625142.869601355,625142.869601355,625142.869601355,568880.011337233,568880.011337233,568880.011337233,107602.716430133,107602.716430133,107602.716430133,Inf,Inf,Inf,Inf,Inf,Inf,0,0,0
2035,"suspect_bite_incidence","a2",114.292003917713,190.576037325669,152.174396891974,26167274.9564685,26181686.7969013,26174432.3935536,4474597788.47424,4476013188.55597,4475300726.94227,904.282665758615,1507.80305144911,1204.01554007624,1462.42468970209,2438.51794261394,1947.14929764966,11570.7595592351,19293.1118018974,15405.9951023363,6624626.57125784,6628275.13845603,6626438.58064649,6459010.90697639,6462568.25999463,6460777.61613032,1140263.84857776,1140891.85820674,1140575.74069378,2967627.49231328,4949794.30441806,3716979.20664618,231927.220161249,386838.319960029,290490.857436634,1.36428052075288e-09,2.27605742788732e-09,1.81698739892158e-09
2035,"suspect_bite_incidence","a3",0,0,0,23880457.6187718,23880457.6187718,23880457.6187718,5714808166.91667,5714808166.91667,5714808166.91667,0,0,0,0,0,0,0,0,0,6251428.69601355,6251428.69601355,6251428.69601355,5688800.11337233,5688800.11337233,5688800.11337233,1076027.16430133,1076027.16430133,1076027.16430133,Inf,Inf,Inf,Inf,Inf,Inf,0,0,0
2035,"suspect_bite_incidence","a7",0,0,0,2388045.76187718,2388045.76187718,2388045.76187718,3571360775.99714,3571360775.99714,3571360775.99714,0,0,0,0,0,0,0,0,0,625142.869601355,625142.869601355,625142.869601355,568880.011337233,568880.011337233,568880.011337233,107602.716430133,107602.716430133,107602.716430133,Inf,Inf,Inf,Inf,Inf,Inf,0,0,0
