"region","variable","scenario","total_deaths_lci","total_deaths_uci","total_deaths","total_vials_lci","total_vials_uci","total_vials","total_cost_lci","total_cost_uci","total_cost","total_deaths_averted_lci","total_deaths_averted_uci","total_deaths_averted","total_YLL_lci","total_YLL_uci","total_YLL","total_YLL_averted_lci","total_YLL_averted_uci","total_YLL_averted","vaccinated_lci","vaccinated_uci","vaccinated","fully_vaccinated_lci","fully_vaccinated_uci","fully_vaccinated","RIG_lci","RIG_uci","RIG","cost_per_death_averted_lci","cost_per_death_averted_uci","cost_per_death_averted","cost_per_YLL_averted_lci","cost_per_YLL_averted_uci","cost_per_YLL_averted","deaths_averted_per_100k_vaccinated_lci","deaths_averted_per_100k_vaccinated_uci","deaths_averted_per_100k_vaccinated"
"China","non_suspect_bite_incidence","a2",1596.70346346324,2625.47598302053,2117.41396584483,282086088.666173,382712793.403268,332717591.552,62954651212.436,74868884523.7241,68949436988.8257,11724.1100701437,19278.054390783,15547.3317412033,24843.6526908481,40850.6740000074,32945.5598157783,180381.375894083,296602.638121954,239203.579839121,71905314.6109648,97555621.9217525,84811566.6046241,69137729.722122,93800774.7798817,81547229.1713761,12376702.2774123,16791761.4232817,14598190.9018209,3265612.28308056,6385890.61991008,4434808.37332989,212252.49920586,415058.839376445,288245.840782142,1.201787230627e-09,2.6810333137522e-09,1.83316172116971e-09
"China","non_suspect_bite_incidence","a3",541.14912905669,541.162112345449,541.155392795666,260480151.45389,356583062.109819,308260786.080124,83001805329.5114,94541813816.9668,88739289505.166,2797.06422475679,2797.07720804554,2797.07094430657,9604.31981227632,9604.55023980685,9604.43098117436,49642.3220653963,49642.5524929269,49642.4413240288,68188521.3230079,93346351.3376488,80696540.8586711,62051554.4039372,84945179.7172605,73433852.1813907,11736949.2327227,16067240.7239928,13889892.0952988,29674477.7336729,33800372.8981903,31725791.4697497,1671989.07311097,1904459.94231338,1787569.00624492,2.99643658769195e-10,4.10197662858215e-10,3.46615965758093e-10
"China","non_suspect_bite_incidence","a7",541.14912905669,541.162112345449,541.155392795666,114118836.741703,156209034.356603,135045324.189973,65731016992.1236,70897456126.9848,68299677388.9484,2797.06422475679,2797.07720804554,2797.07094430657,9604.31981227632,9604.55023980685,9604.43098117436,49642.3220653963,49642.5524929269,49642.4413240288,29874041.0318594,40892417.3708384,35352179.1073227,27185377.3389921,37212099.8074629,32170482.9876637,5142069.3126088,7038607.33995555,6084993.82884792,23499893.6758178,25347096.2516599,24418285.6813025,1324086.16582496,1428165.5889019,1375832.36374575,6.84005594335799e-10,9.3629020762962e-10,7.91201848071423e-10
"China","p_prevent","a2",1578.77272911773,2653.64337667171,2120.97256428755,332090179.876435,332277587.432631,332185213.726538,68875151250.2194,68897340363.4837,68886403287.7928,11587.1416466489,19461.0066646313,15581.7127178578,24567.464003864,41281.1727755707,33001.0878537006,178274.927751754,299422.113211519,239732.561926214,84651635.8751953,84699407.1047247,84675860.5327195,81393454.0630224,81439386.6115909,81416746.3305493,14570662.825018,14578885.4479007,14574832.4941943,3539136.10108331,5946016.92673788,4420977.62519032,230026.935924951,386466.797279663,287346.878264267,1.36803102202619e-09,2.2989522250135e-09,1.84015994875386e-09
"China","p_prevent","a3",534.492220225862,548.162495773441,541.086333931455,307827885.310873,307827885.310873,307827885.310873,88687306911.535,88687306911.535,88687306911.535,2790.06384132879,2803.73411687637,2797.14000317078,9486.17293198127,9728.79311047024,9603.20532380536,49518.0791947329,49760.6993732219,49643.6669813978,80583216.0499667,80583216.0499667,80583216.0499667,73330726.6054697,73330726.6054697,73330726.6054697,13870386.0626005,13870386.0626005,13870386.0626005,31631853.5262328,31786837.8485909,31706423.9941515,1782276.13415058,1791008.62460288,1786477.75847758,3.46233865821237e-10,3.47930283042797e-10,3.4711198439094e-10
"China","p_prevent","a7",534.492220225862,548.162495773441,541.086333931455,134855726.61378,134855726.61378,134855726.61378,68276404883.8754,68276404883.8754,68276404883.8754,2790.06384132879,2803.73411687637,2797.14000317078,9486.17293198127,9728.79311047024,9603.20532380536,49518.0791947329,49760.6993732219,49643.6669813978,35302546.2339739,35302546.2339739,35302546.2339739,32125317.0729162,32125317.0729162,32125317.0729162,6076450.77052275,6076450.77052275,6076450.77052275,24351954.2287918,24471269.7510743,24409362.7085089,1372094.96136257,1378817.71656316,1375329.60466961,7.90329349854017e-10,7.94201669843906e-10,7.92333783697142e-10
"China","p_transmission","a2",1440.27179367757,2820.18043070193,2108.99044556754,332094463.086156,332279838.511427,332183374.751929,68875658383.5899,68897606891.9171,68886185552.6241,10575.2336351879,20707.6705017187,15485.4819068846,22409.6730913884,43880.145808858,32814.4954336821,162705.330499057,318598.006742878,238251.988783595,84652727.6892012,84699980.9172435,84675391.7678528,81394503.8538766,81439938.3384702,81416295.6081119,14570850.7535038,14578984.2153805,14574751.8080417,3326093.98907874,6514996.19475716,4448436.66905828,216183.582212978,423450.213220374,289131.628677373,1.24855206821363e-09,2.44619057967583e-09,1.82880546326137e-09
"China","p_transmission","a3",430.296614955838,662.316557466505,542.287966136258,307827885.310873,307827885.310873,307827885.310873,88687306911.535,88687306911.535,88687306911.535,2224.07750432455,3423.32606019029,2802.92488812862,7636.908353488,11754.8004668558,9624.53190343375,39472.948383115,60757.2229878303,49746.3371738255,80583216.0499667,80583216.0499667,80583216.0499667,73330726.6054697,73330726.6054697,73330726.6054697,13870386.0626005,13870386.0626005,13870386.0626005,25906765.9206863,39875996.5599622,31640985.916946,1459699.81098871,2246786.99069442,1782790.69274267,2.75997610091099e-10,4.24818743653469e-10,3.47829861542214e-10
"China","p_transmission","a7",430.296614955838,662.316557466505,542.287966136258,134855726.61378,134855726.61378,134855726.61378,68276404883.8754,68276404883.8754,68276404883.8754,2224.07750432455,3423.32606019029,2802.92488812862,7636.908353488,11754.8004668558,9624.53190343375,39472.948383115,60757.2229878303,49746.3371738255,35302546.2339739,35302546.2339739,35302546.2339739,32125317.0729162,32125317.0729162,32125317.0729162,6076450.77052275,6076450.77052275,6076450.77052275,19944464.4428875,30698752.5169951,24358984.8493801,1123757.82707434,1729701.16701699,1372491.09708925,6.30004841459333e-10,9.69710807119008e-10,7.93972443107005e-10
"China","suspect_bite_incidence","a2",1965.73392608394,2257.00610489882,2107.48204850455,332157613.671117,332208025.708808,332182690.095265,68883147933.7641,68889209858.9197,68886106209.5097,14416.9196739138,16538.5814163012,15474.3635156843,30582.7806868559,35162.5890030906,32792.1694600788,221921.295636092,255027.336750517,238090.088122251,84668823.7773126,84681651.4876306,84675217.4527653,81409983.0582459,81422361.3667732,81416127.5948674,14573621.2926699,14575829.2623084,14574721.8040572,4164997.35980194,4778358.44390317,4451627.76095371,270101.036271064,310421.808152583,289327.904209684,1.70248447221411e-09,1.95332599160694e-09,1.82749616489812e-09
"China","suspect_bite_incidence","a3",286.912867892743,908.709046904056,537.962773484997,307797517.392759,307871788.160526,307827503.965348,88683196225.7552,88692663989.9203,88687260500.4452,1482.98140357782,4696.84208176122,2780.5692654378,5188.95370632989,15358.6944345847,9554.57922567029,26820.4138316658,79384.3313117047,49384.7729063711,80575266.333183,80594708.942546,80583116.2212953,73323492.3631965,73341185.1377169,73330635.7613787,13869017.7175991,13872364.2767357,13870368.8795904,18881451.5544667,59806996.753932,31895360.9977709,1117137.28339587,3306908.85482178,1795842.22587371,1.84004809128972e-10,5.82913627904069e-10,3.45056060850498e-10
"China","suspect_bite_incidence","a7",286.912867892743,908.709046904056,537.962773484997,59027563.4590531,125339291.720323,84003770.1256649,59338093749.0057,67268689033.2265,62471976755.5609,1482.98140357782,4696.84208176122,2780.5692654378,5188.95370632989,15358.6944345847,9554.57922567029,26820.4138316658,79384.3313117047,49384.7729063711,15452241.7432076,32811332.9110792,21990515.7397029,14061539.9863189,29858312.9490821,20011369.3231296,2659717.11004961,5647650.67731951,3785117.52169635,12633614.8237615,45360440.0371676,22467333.4097738,747478.661954247,2508115.25338229,1265004.84013568,4.51972313223847e-10,3.03958620361724e-09,1.26444022429979e-09
"Guangxi","non_suspect_bite_incidence","a2",57.0745905608377,93.8483395906858,75.6875387090482,24531965.4375308,33292052.5787213,28939741.0872643,3747422411.6353,4710472482.51981,4231996204.50992,416.37782937531,684.653621604033,552.158244242466,888.135955027972,1460.37111479207,1177.77125967882,6406.03464271941,10533.4974906341,8495.03651801139,6419855.02437165,8712312.57696821,7573341.10453518,5846127.69439376,7933713.71239245,6896529.43909698,692439.143073702,939701.322239214,816852.99819406,5473457.37083182,11312976.2206286,7664462.58593135,355762.406073324,735317.98456216,498172.808973468,4.77918836929752e-10,1.06646274566153e-09,7.29081440570284e-10
"Guangxi","non_suspect_bite_incidence","a3",19.3294517781892,19.3299108038159,19.3296732333815,22419019.1569633,30691645.7654336,26532019.9670401,4350066010.69422,5276884419.27882,4810863414.67708,99.3183484569013,99.3188074825281,99.3185860273357,343.059291248567,343.067438039692,343.063221637396,1762.7029788837,1762.71112567482,1762.70719528599,6092124.77091395,8340121.13191129,7209788.03452178,5117384.80756772,7005701.75080549,6056221.94899829,657090.485666008,899557.12516682,777640.527615484,43799015.7247858,53131012.5597659,48438702.2319566,2467826.94415052,2993632.21285337,2729247.05109434,1.19085019133458e-10,1.63028190027743e-10,1.37755209378945e-10
"Guangxi","non_suspect_bite_incidence","a7",19.3294517781892,19.3299108038159,19.3296732333815,9820103.07549031,13443265.8534751,11621474.2900008,2963020238.18333,3377955019.40327,3169318330.92443,99.3183484569013,99.3188074825281,99.3185860273357,343.059291248567,343.067438039692,343.063221637396,1762.7029788837,1762.71112567482,1762.70719528599,2668506.27051367,3653061.37322694,3158009.317935,2241545.26723148,3068571.55351063,2652727.8270654,287822.417831334,394015.546654884,340619.727023151,29833425.4436611,34011389.3543962,31910626.7788803,1680944.87804914,1916349.5267606,1797983.43105431,2.7187703219223e-10,3.72188773097429e-10,3.14497444523943e-10
"Guangxi","p_prevent","a2",56.3833971052078,94.6207617510567,75.8116832105111,28890072.3628066,28896560.4866992,28893362.472373,4226535817.20568,4227249096.43156,4226897519.11573,411.546949429799,691.420459991913,553.382559697735,877.485544803596,1472.04510260774,1179.70893864317,6331.78195308246,10637.9764099435,8513.87367629459,7560343.12395853,7562041.02357758,7561204.12412929,6884693.05744477,6886239.21977204,6885477.11205722,815451.049007043,815634.182762054,815543.915624461,6112830.12547115,10271608.3846289,7638291.8923656,397306.372408859,667623.921315489,496471.721313507,5.44227343050167e-10,9.14535820207444e-10,7.31870943586594e-10
"Guangxi","p_prevent","a3",19.0733483624116,19.5927410646676,19.3273156668774,26494755.4721555,26494755.4721555,26494755.4721555,4806688510.92761,4806688510.92761,4806688510.92761,99.0555181960497,99.5749108983056,99.3209435938399,338.513965426025,347.732151971629,343.021379524993,1758.03826495176,1767.25645149736,1762.7490373984,7199661.81308575,7199661.81308575,7199661.81308575,6047715.92299203,6047715.92299203,6047715.92299203,776548.323497615,776548.323497615,776548.323497615,48272084.4795594,48525196.763034,48395517.9743755,2719859.0826221,2734120.52897467,2726813.86229642,1.37583570961641e-10,1.38304983599818e-10,1.37952234663744e-10
"Guangxi","p_prevent","a7",19.0733483624116,19.5927410646676,19.3273156668774,11605153.5569137,11605153.5569137,11605153.5569137,3167449234.71544,3167449234.71544,3167449234.71544,99.0555181960497,99.5749108983056,99.3209435938399,338.513965426025,347.732151971629,343.021379524993,1758.03826495176,1767.25645149736,1762.7490373984,3153574.33611784,3153574.33611784,3153574.33611784,2649002.44233899,2649002.44233899,2649002.44233899,340141.374319335,340141.374319335,340141.374319335,31809711.9660023,31976504.6147804,31891050.5690353,1792297.4518111,1801695.27470573,1796880.42229211,3.14105543863571e-10,3.15752540721414e-10,3.14947209128126e-10
"Guangxi","p_transmission","a2",51.4829144740925,100.808104448637,75.3864376365113,28890220.6492252,28896638.4199396,28893298.806343,4226552119.24054,4227257664.11034,4226890519.91884,375.575846441682,735.425953760212,549.961668299516,801.123792146724,1568.67176014166,1173.0858367416,5778.2901599509,11314.6373610676,8461.24187097349,7560381.92954514,7562061.41819724,7561187.46314533,6884728.39506746,6886257.79177255,6885461.94002618,815455.234538809,815636.382505336,815542.118587392,5747080.44722966,11255403.4136131,7685791.1442963,373547.289618282,731575.872289919,499559.11725196,4.96658021763619e-10,9.72736510686383e-10,7.27348278269959e-10
"Guangxi","p_transmission","a3",15.3698792481877,23.6574616018244,19.3701279219792,26494755.4721555,26494755.4721555,26494755.4721555,4806688510.92761,4806688510.92761,4806688510.92761,78.9726957830488,121.555695205024,99.5264482639357,272.78476089058,419.872850145696,343.781211829629,1401.60814461855,2157.37161730146,1766.39633620854,7199661.81308575,7199661.81308575,7199661.81308575,6047715.92299203,6047715.92299203,6047715.92299203,776548.323497615,776548.323497615,776548.323497615,39543095.8855553,60865194.7773492,48295589.7128036,2228029.91954629,3429409.66016986,2721183.46964242,1.0968945185663e-10,1.68835284713083e-10,1.38237671223725e-10
"Guangxi","p_transmission","a7",15.3698792481877,23.6574616018244,19.3701279219792,11605153.5569137,11605153.5569137,11605153.5569137,3167449234.71544,3167449234.71544,3167449234.71544,78.9726957830488,121.555695205024,99.5264482639357,272.78476089058,419.872850145696,343.781211829629,1401.60814461855,2157.37161730146,1766.39633620854,3153574.33611784,3153574.33611784,3153574.33611784,2649002.44233899,2649002.44233899,2649002.44233899,340141.374319335,340141.374319335,340141.374319335,26057596.3090253,40108156.4116408,31825201.1396572,1468198.25073876,2259867.8859543,1793170.17918763,2.50422813499512e-10,3.85453717747663e-10,3.15598865465325e-10
"Guangxi","suspect_bite_incidence","a2",70.2686702274667,80.6812891238643,75.3325708152191,28892411.6804151,28894151.7745637,28893275.0407598,4226793224.00316,4226987545.98915,4226887965.92828,512.015859600239,587.361609877088,549.566749958528,1093.22441221031,1257.09957204143,1172.28840581084,7881.17366799416,9057.02044074223,8455.49146261731,7560954.02162111,7561409.94801603,7561181.26758529,6885250.94488048,6885664.4730485,6885456.25279461,815516.939818031,815566.115583061,815541.450340482,7196236.78654733,8255579.32773686,7691309.50197999,466686.947617927,536339.85546533,499898.555230744,6.77143367599824e-10,7.7683531495825e-10,7.26826577104446e-10
"Guangxi","suspect_bite_incidence","a3",10.2483180356043,32.4584198538882,19.2156352172264,26493715.6835184,26496258.692891,26494742.4149963,4806557192.41053,4806859646.26296,4806687028.29531,52.6578050885952,166.775789911683,98.7326432871926,185.345635575864,548.601268776908,341.282553566085,952.34108838818,2818.78424464474,1753.55788751222,7199379.26182566,7200070.29698126,7199658.26494464,6047478.57993356,6048059.04946426,6047712.9425535,776517.847801254,776592.382162101,776547.940798664,28820473.2530774,91284846.3428273,48683868.5591924,1705188.04393854,5047413.89915087,2741105.41917415,7.31351263482425e-11,2.31653013192406e-10,1.37135180106985e-10
"Guangxi","suspect_bite_incidence","a7",10.2483180356043,32.4584198538882,19.2156352172264,5078669.24683015,10785549.8466932,7227790.31596701,2449690403.12652,3086472112.30675,2701277572.74635,52.6578050885952,166.775789911683,98.7326432871926,185.345635575864,548.601268776908,341.282553566085,952.34108838818,2818.78424464474,1753.55788751222,1380073.1648995,2930855.93660141,1964073.45542582,1159261.45851558,2461918.98674519,1649821.70255769,148853.311492895,316119.190465892,211842.998828773,14688525.2615128,58613763.0900842,27359518.4207608,869059.207983215,3240931.37421021,1540455.31771904,1.79666985439266e-10,1.20845614677124e-09,5.02693231836316e-10
"Guizhou","non_suspect_bite_incidence","a2",43.5424035911327,71.5972222721093,57.7422643825684,13631368.5601357,18497560.8043723,16079864.1542826,2604037077.09559,3245381964.14636,2926739110.11377,320.39053846568,526.820902135837,424.869616613464,677.410643762827,1113.87328051426,898.324770546135,4929.46526122888,8105.56188215771,6536.95963027339,3451621.56331932,4683798.21582245,4071609.21556175,3364062.71674851,4564982.1863637,3968322.86157953,692119.15587679,939195.218236719,816439.079904443,4942926.65028724,10129456.3181802,6888558.26745653,321265.461291179,658363.89794079,447721.766027086,6.84040011338151e-10,1.52629971875946e-09,1.0434931107573e-09
"Guizhou","non_suspect_bite_incidence","a3",14.7354429376356,14.7358043042376,14.7356172775977,12837175.4694265,17573897.0147294,15192188.0277102,3111787191.75694,3738569222.16598,3423411917.59364,76.4666233201083,76.4669846867103,76.4668103467482,261.524779307624,261.531192845462,261.527873494904,1357.13034707047,1357.13676060831,1357.13366642103,3274789.66056798,4483136.99355342,3875558.17033422,3143798.07414526,4303811.51381128,3720535.84352085,656660.822737091,898958.629947331,777126.924315418,40694519.3995306,48891517.1069526,44769906.0817335,2292906.12565984,2754760.60957308,2522531.12740303,1.70564993731096e-10,2.33501972989154e-10,1.97305283486827e-10
"Guizhou","non_suspect_bite_incidence","a7",14.7354429376356,14.7358043042376,14.7356172775977,5623317.03297655,7697859.25573935,6654742.02610092,2173777058.44098,2454386142.43081,2313290836.15499,76.4666233201083,76.4669846867103,76.4668103467482,261.524779307624,261.531192845462,261.527873494904,1357.13034707047,1357.13676060831,1357.13366642103,1434519.65126953,1963739.60605596,1697638.27196452,1377138.86521875,1885190.02181372,1629732.74108594,287649.880472566,393769.06580634,340410.426294326,28427654.9853126,32097483.0045279,30252220.8741947,1601737.65941365,1808511.72308459,1704541.63314325,3.89392886329194e-10,5.33049405207089e-10,4.50430528161104e-10
"Guizhou","p_prevent","a2",43.0702480229056,72.3078450237129,57.8403077064244,16051492.3688852,16056646.7119995,16054106.1219315,2922999821.03766,2923679143.06946,2923344303.34911,316.64448856509,531.770978706354,425.808106167327,670.142398295444,1124.70126088957,899.854523283284,4871.83017833119,8181.72756774173,6551.39905906723,4064425.14847154,4065730.28828635,4065086.9812388,3961321.03597106,3962593.06771341,3961966.07972693,814998.530771513,815260.237407178,815131.241478004,5496726.85814573,9233317.64376649,6865403.12645044,357259.490350453,600119.264434407,446216.796899764,7.78813315475857e-10,1.30835471015214e-09,1.04747600268461e-09
"Guizhou","p_prevent","a3",14.5469092457245,14.9262196927987,14.7336477803238,15170851.2088074,15170851.2088074,15170851.2088074,3420588543.96984,3420588543.96984,3420588543.96984,76.2762079315472,76.6555183786215,76.4687798440221,258.178681577288,264.91068694557,261.492918838835,1353.75085297036,1360.48285833865,1357.1686210771,3870115.10428761,3870115.10428761,3870115.10428761,3715310.50011611,3715310.50011611,3715310.50011611,776035.480711752,776035.480711752,776035.480711752,44622861.0323221,44844764.006092,44731831.0942978,2514245.9701013,2526748.94827544,2520385.81709555,1.97090282526849e-10,1.9807038373018e-10,1.97587869568283e-10
"Guizhou","p_prevent","a7",14.5469092457245,14.9262196927987,14.7336477803238,6645397.13823074,6645397.13823074,6645397.13823074,2312026817.32882,2312026817.32882,2312026817.32882,76.2762079315472,76.6555183786215,76.4687798440221,258.178681577288,264.91068694557,261.492918838835,1353.75085297036,1360.48285833865,1357.1686210771,1695254.37199764,1695254.37199764,1695254.37199764,1627444.19711773,1627444.19711773,1627444.19711773,339932.406672967,339932.406672967,339932.406672967,30161257.3527861,30311244.8825945,30234911.8430397,1699416.35292058,1707867.3023591,1703566.36708408,4.49939603114933e-10,4.52177087078046e-10,4.5107555011885e-10
"Guizhou","p_transmission","a2",39.276467020761,76.9068466548331,57.5125534974083,16051610.1716727,16056708.6242976,16054055.5438955,2923015346.97903,2923687302.86543,2923337637.36406,288.994642697457,565.888729494294,423.179415578697,611.043228681355,1196.47770326591,894.75104587795,4446.41423856995,8706.65172320732,6510.95453247305,4064454.97751181,4065745.96520259,4065074.17428999,3961350.10832456,3962608.34694623,3961953.59765779,815004.512090668,815263.380942424,815128.673428628,5165353.53088085,10116752.5998957,6908033.63714278,335722.093854727,657538.219787129,448987.5674579,7.10803491341735e-10,1.39228686902745e-09,1.041012777221e-09
"Guizhou","p_transmission","a3",11.7169415359137,18.0348250286233,14.7664571564773,15170851.2088074,15170851.2088074,15170851.2088074,3420588543.96984,3420588543.96984,3420588543.96984,60.8022165604033,93.5874820014153,76.6268464785185,207.952388150733,320.082243569064,262.075219954187,1079.11830914567,1660.99150734478,1359.973989187,3870115.10428761,3870115.10428761,3870115.10428761,3715310.50011611,3715310.50011611,3715310.50011611,776035.480711752,776035.480711752,776035.480711752,36549637.5243658,56257629.0384363,44639557.8203622,2059365.4626434,3169799.37693569,2515186.7397219,1.57106997910842e-10,2.41820926457024e-10,1.97996298336515e-10
"Guizhou","p_transmission","a7",11.7169415359137,18.0348250286233,14.7664571564773,6645397.13823074,6645397.13823074,6645397.13823074,2312026817.32882,2312026817.32882,2312026817.32882,60.8022165604033,93.5874820014153,76.6268464785185,207.952388150733,320.082243569064,262.075219954187,1079.11830914567,1660.99150734478,1359.973989187,1695254.37199764,1695254.37199764,1695254.37199764,1627444.19711773,1627444.19711773,1627444.19711773,339932.406672967,339932.406672967,339932.406672967,24704445.166009,38025370.5887838,30172542.9608666,1391955.83307031,2142514.67863541,1700052.23313937,3.5866131693709e-10,5.52055688793975e-10,4.52007956706955e-10
"Guizhou","suspect_bite_incidence","a2",53.6067586002571,61.5460516018167,57.4713961383353,16053347.0916315,16054731.2191635,16054036.7401544,2923244837.63284,2923429870.47548,2923335210.177,393.978344481087,451.95596884782,422.87560119919,833.899346436783,958.809883978112,894.141935960623,6064.74174229987,6969.40020183059,6506.53045570609,4064894.73268798,4065245.1937423,4065069.41189297,3961778.81312778,3962120.41583944,3961948.95818423,815092.691798593,815162.966249206,815127.718472778,6467985.90819615,7420280.61041264,6912990.96445152,419439.945042188,482036.992620044,449292.480851034,9.69137962668387e-10,1.11185159412223e-09,1.04026661872489e-09
"Guizhou","suspect_bite_incidence","a3",7.81261222517162,24.7440733311635,14.6486825119146,15169999.819203,15172082.061369,15170840.5174715,3420461546.0232,3420754048.70346,3420587110.11831,40.5420021161371,128.403080898076,76.0156845908035,141.294754256538,418.216028201203,260.170414208267,733.221112345915,2170.22264507927,1350.08948258873,3869897.91306199,3870429.09728802,3870112.37690599,3715101.99653951,3715611.9333965,3715307.88182975,775991.929527191,776098.442588194,776034.933817188,26638469.4362459,84375557.9436931,44998438.5266213,1576087.85152929,4665378.54830567,2533600.29407792,1.04748081148275e-10,3.31799659274419e-10,1.9641725404257e-10
"Guizhou","suspect_bite_incidence","a7",7.81261222517162,24.7440733311635,14.6486825119146,2908335.69013822,6176178.67723547,4139013.33131939,1826605303.44409,2257272636.65864,1996767196.09952,40.5420021161371,128.403080898076,76.0156845908035,141.294754256538,418.216028201203,260.170414208267,733.221112345915,2170.22264507927,1350.08948258873,741922.369933218,1575555.78500905,1055870.74778556,712245.47513589,1512533.55360869,1013635.91787414,148770.273619009,315930.446010014,211723.20234596,14225556.6663079,55677384.4121567,26267831.5251415,841667.239804038,3078570.15932966,1478988.77952209,2.57318734772087e-10,1.7306808111155e-09,7.19933616403605e-10
"Hunan","non_suspect_bite_incidence","a2",113.345395571481,186.374930026138,150.308438544903,21957748.2227133,29796351.0584083,25901855.6296321,4345542139.38109,5400345167.29821,4876281675.8076,513.490892671293,844.337469354628,680.939863506826,1786.17227102245,2937.0202937126,2368.66010976678,7871.08288445266,12942.4889488616,10437.8367396306,5544885.91482659,7524331.07535563,6540872.63374547,5433988.19653005,7373844.45384851,6410055.18107056,1281933.26442059,1739565.14997362,1512197.42594088,5146688.73182025,10516924.9238373,7161104.72765517,335757.84043944,686099.390207824,467173.59137198,6.82440588443968e-10,1.52273190526235e-09,1.04105354382493e-09
"Hunan","non_suspect_bite_incidence","a3",39.2860099732519,39.286556285042,39.2862735393265,20021697.4285797,27409400.395109,23694730.1573663,5141839581.59705,6141010922.30091,5638609559.04445,117.800051175484,117.800597487274,117.8003339212,697.248473060933,697.258169007703,697.253150834094,2090.71641188628,2090.72610783305,2090.72143005989,5055984.19913629,6921565.75634065,5983517.71650663,4954864.51515356,6783134.44121384,5863847.3621765,1168903.09896672,1600210.63033991,1383341.4279146,43648671.4946629,52130800.122937,47865819.8271008,2459355.89665848,2937275.89614144,2696968.36602613,1.70192779094197e-10,2.32992416209287e-10,1.96874714010165e-10
"Hunan","non_suspect_bite_incidence","a7",39.2860099732519,39.286556285042,39.2862735393265,8770488.57854336,12006081.295334,10379166.9457759,3646510122.55338,4093837169.37887,3868913065.78289,117.800051175484,117.800597487274,117.8003339212,697.248473060933,697.258169007703,697.253150834094,2090.71641188628,2090.72610783305,2090.72143005989,2214769.84306651,3031838.71094293,2621001.75398382,2170474.44620518,2971201.93672407,2568581.71890414,512037.069558232,700936.855260318,605954.637507027,30954937.4140255,34752422.6732328,32842971.9763861,1744135.73776664,1958102.56527586,1850515.81246386,3.88543265017047e-10,5.31886407321543e-10,4.49447749289552e-10
"Hunan","p_prevent","a2",112.078466549907,188.457519741773,150.591303570399,25856164.0749761,25864445.9275396,25860363.7793587,4870133183.37705,4871247632.38586,4870698317.36738,507.493744576934,852.247764682471,682.442317551483,1766.02567175261,2970.41752581868,2373.13487132525,7779.15515916143,13063.7424921174,10460.8672168685,6529334.36236771,6531425.73927767,6530394.89377745,6398747.67512036,6400797.22449212,6399786.9959019,1509529.86990452,1510013.37951508,1509775.0562822,5714456.9750694,9598635.81460835,7137157.51807835,372797.702214024,626192.373428758,465611.331870574,7.77003007972743e-10,1.30525979737607e-09,1.04502457914414e-09
"Hunan","p_prevent","a3",39.0016453533644,39.5756346540006,39.2832688747899,23661451.8489843,23661451.8489843,23661451.8489843,5634108737.59115,5634108737.59115,5634108737.59115,117.510972806525,118.084962107162,117.803338585736,692.201567123066,702.388734608244,697.199824019749,2085.58584628574,2095.77301377092,2090.77475687424,5975114.10327888,5975114.10327888,5975114.10327888,5855611.8212133,5855611.8212133,5855611.8212133,1381398.57976525,1381398.57976525,1381398.57976525,47712330.4869101,47945384.1886524,47826392.7426021,2688320.109368,2701451.36802929,2694746.87269244,1.96667328481712e-10,1.9762796168589e-10,1.97156634249195e-10
"Hunan","p_prevent","a7",39.0016453533644,39.5756346540006,39.2832688747899,10364592.0430334,10364592.0430334,10364592.0430334,3866898056.85802,3866898056.85802,3866898056.85802,117.510972806525,118.084962107162,117.803338585736,692.201567123066,702.388734608244,697.199824019749,2085.58584628574,2095.77301377092,2090.77475687424,2617321.22298824,2617321.22298824,2617321.22298824,2564974.79852847,2564974.79852847,2564974.79852847,605103.728185097,605103.728185097,605103.728185097,32746744.2750993,32906697.6853696,32825029.4370369,1845093.925463,1854106.3959293,1849504.85179911,4.48974209869285e-10,4.51167250966399e-10,4.5009125189165e-10
"Hunan","p_transmission","a2",102.239888858986,200.196299275126,149.710482419863,25856353.3571594,25864545.4064671,25860282.5120028,4870158654.16876,4871261018.78598,4870687381.61073,463.172636839172,906.951602134946,678.230972895656,1611.16377048578,3154.82655539981,2359.23712195759,7099.77580207126,13902.2742846601,10396.3133108225,6529382.16089885,6531450.86021896,6530374.37171788,6398794.51768087,6400821.84301458,6399766.88428352,1509540.92054253,1510019.18727574,1509770.3117462,5369810.96092062,10517160.6250942,7181458.19972759,350313.808694058,686114.766802194,468501.40391021,7.09142037124114e-10,1.38903127399437e-09,1.03857900679167e-09
"Hunan","p_transmission","a3",31.2382682543874,48.0822594238767,39.3684950468674,23661451.8489843,23661451.8489843,23661451.8489843,5634108737.59115,5634108737.59115,5634108737.59115,93.6683687505581,144.175446703074,118.046876304485,554.4170776383,853.364390719332,698.712418920233,1662.42708612816,2558.82717881099,2095.0970665882,5975114.10327888,5975114.10327888,5975114.10327888,5855611.8212133,5855611.8212133,5855611.8212133,1381398.57976525,1381398.57976525,1381398.57976525,39078143.0987654,60149534.0715815,47727724.0531022,2201832.458341,3389086.22495627,2689187.44980447,1.56764150661419e-10,2.4129321082581e-10,1.97564220973966e-10
"Hunan","p_transmission","a7",31.2382682543874,48.0822594238767,39.3684950468674,10364592.0430334,10364592.0430334,10364592.0430334,3866898056.85802,3866898056.85802,3866898056.85802,93.6683687505581,144.175446703074,118.046876304485,554.4170776383,853.364390719332,698.712418920233,1662.42708612816,2558.82717881099,2095.0970665882,2617321.22298824,2617321.22298824,2617321.22298824,2564974.79852847,2564974.79852847,2564974.79852847,605103.728185097,605103.728185097,605103.728185097,26820780.8283875,41282858.9676382,32757309.4512379,1511199.38418618,2326055.73448886,1845689.21341441,3.57878765234691e-10,5.50851173469899e-10,4.51021736528423e-10
"Hunan","suspect_bite_incidence","a2",139.580325790045,160.361638413048,149.614076112185,25859156.1407626,25861358.8324488,25860252.0324304,4870536531.63239,4870837618.34419,4870683367.4046,631.942406317011,723.979619461034,677.733201597563,2197.48819561506,2532.68479941381,2357.78267686031,9690.21328171009,11123.2834985423,10389.0986202229,6530089.93453601,6530646.1698103,6530366.67485617,6399488.13584529,6400033.24641409,6399759.34135905,1509704.55214525,1509833.14929078,1509768.53229335,6727449.77995134,7707723.94707875,7186726.80624669,437868.596289098,502655.357187825,468826.367469799,9.67656782935719e-10,1.10868246336408e-09,1.03781798992549e-09
"Hunan","suspect_bite_incidence","a3",20.8291129235397,65.9695775121667,39.0544989571098,23660127.3095566,23663366.7334733,23661435.2160633,5633906796.30983,5634371909.07426,5634106457.60298,62.4566584654916,197.810344128754,117.105355738669,376.704270875798,1114.99408914563,693.634063735282,1129.55794492776,3343.31910610245,2079.86956886211,5974779.62362539,5975597.65996801,5975109.9030463,5855284.03115289,5856085.70676865,5855607.70498537,1381321.2507452,1381510.37420332,1381397.60870508,28481355.8215274,90212509.72284,48111432.8381015,1685123.85970769,4988121.17994938,2708874.89386432,1.04519517577136e-10,3.31075548538351e-10,1.95988622199176e-10
"Hunan","suspect_bite_incidence","a7",20.8291129235397,65.9695775121667,39.0544989571098,4536026.67471129,9632767.12753932,6455470.78486381,3093073876.43554,3779612723.08205,3364333593.41849,62.4566584654916,197.810344128754,117.105355738669,376.704270875798,1114.99408914563,693.634063735282,1129.55794492776,3343.31910610245,2079.86956886211,1145461.28149275,2432516.95139882,1630169.39011712,1122552.0558629,2383866.61237084,1597566.00231478,264821.484590872,562378.459027796,376882.121639958,15636562.8403248,60515769.1100357,28729118.0851394,925150.659651319,3346099.0116127,1617569.50713938,2.56757341113598e-10,1.72690554735268e-09,7.1836311274533e-10
"Shaanxi","non_suspect_bite_incidence","a2",44.5838896250007,73.3097410543775,59.1233247260534,9241470.3132205,12538932.696396,10900630.275098,2224959013.28393,2723488956.14905,2475800668.13317,328.499258581708,540.154147474893,435.622654866674,693.723555906989,1140.69665345824,919.95647179146,5054.12356781014,8310.53871896775,6702.27001965299,2355702.23785966,3196243.75907108,2778631.35007794,2265032.91875059,3073222.58912692,2671683.78747105,656265.663636371,890428.763864577,774087.793292812,4119118.6324962,8290700.46583266,5683360.68033678,267727.410764087,538864.734826633,369397.332675856,1.02776660149719e-09,2.29296444514e-09,1.56775980683604e-09
"Shaanxi","non_suspect_bite_incidence","a3",15.1255728987322,15.1258897674731,15.125725770868,8535024.23873592,11684094.2821862,10100685.0926222,2761975479.3674,3246536283.48197,3002890375.46752,78.3696004396703,78.3699173084112,78.3697644362754,268.448809512286,268.454433301668,268.451522688385,1390.90440281746,1390.91002660684,1390.90731343074,2234299.5389361,3058663.42465608,2644158.40120999,2033212.58043185,2783383.71643703,2406184.14510109,622444.571354053,852100.808821238,736625.512359487,35242802.0116204,41425964.4717875,38316950.3834512,1985732.66892418,2334118.9206862,2158943.55178904,2.56221720271437e-10,3.50758329143854e-10,2.96388311685157e-10
"Shaanxi","non_suspect_bite_incidence","a7",15.1255728987322,15.1258897674731,15.125725770868,3739102.56957925,5118300.9676921,4424815.14880851,2036814200.06842,2253751120.37461,2144671325.8864,78.3696004396703,78.3699173084112,78.3697644362754,268.448809512286,268.454433301668,268.451522688385,1390.90440281746,1390.91002660684,1390.90731343074,978822.66219352,1339869.36327018,1158328.57298652,890728.622596104,1219281.12057587,1054079.00141774,272686.290169844,373268.846435987,322694.123834023,25989745.42812,28757976.4057821,27366055.5357454,1464375.23715123,1620349.40417857,1541922.53155709,5.84904786899491e-10,8.00654912635410e-10,6.76576286417716e-10
"Shaanxi","p_prevent","a2",44.140404114252,73.9282309218609,59.2259701759781,10880520.0513167,10885768.874963,10883181.7151777,2472760285.09079,2473553833.41627,2473162691.23782,324.691521469219,545.31239917575,436.582603385444,686.889736182763,1150.13708128455,921.557403137616,4995.56341985562,8390.03058209465,6717.03977595649,2773505.14206559,2774843.09643764,2774183.61500349,2666754.88359274,2668041.34104385,2667407.24258538,772659.703507484,773032.438864177,772848.716569363,4534575.57324648,7618165.76615094,5664821.89638314,294726.015703443,495150.121322604,368192.354627771,1.1701256978676e-09,1.96614886666344e-09,1.57373362391838e-09
"Shaanxi","p_prevent","a3",14.9627009095452,15.295628911126,15.1240512004054,10086499.9359507,10086499.9359507,10086499.9359507,3000707645.0651,3000707645.0651,3000707645.0651,78.1998612960173,78.5327892975982,78.371439006738,265.55815592231,271.46696521344,268.421802396126,1387.89187090569,1393.80068019681,1390.937033723,2640445.00941119,2640445.00941119,2640445.00941119,2402804.95856418,2402804.95856418,2402804.95856418,735591.013391825,735591.013391825,735591.013391825,38209615.0143602,38372288.5863727,38288280.5661781,2152895.81049808,2162061.54670172,2157328.16965364,2.96161673571288e-10,2.97422551947449e-10,2.96811479608184e-10
"Shaanxi","p_prevent","a7",14.9627009095452,15.295628911126,15.1240512004054,4418602.47487994,4418602.47487994,4418602.47487994,2143694121.7722,2143694121.7722,2143694121.7722,78.1998612960173,78.5327892975982,78.371439006738,265.55815592231,271.46696521344,268.421802396126,1387.89187090569,1393.80068019681,1390.937033723,1156702.21855496,1156702.21855496,1156702.21855496,1052599.01888501,1052599.01888501,1052599.01888501,322241.044258351,322241.044258351,322241.044258351,27296803.5510457,27413016.9318008,27353001.921885,1538020.57369458,1544568.54075621,1541187.03420698,6.76058712792224e-10,6.78936964396139e-10,6.77542047984015e-10
"Shaanxi","p_transmission","a2",40.2158287679423,78.7463516010193,58.8881199552093,10880640.0134618,10885831.9221306,10883130.2100325,2472778421.68021,2473563365.26144,2473154904.38413,296.308857309702,580.21075145129,433.88967621527,625.756555141956,1225.29007443428,916.296695787529,4558.85834432141,8926.8293864363,6675.60728584405,2773535.72108432,2774859.16751171,2774170.48605519,2666784.2856466,2668056.79355361,2667394.61896104,772668.222393997,773036.916040418,772845.05902817,4261862.46203645,8347922.4607723,5699962.54798442,277005.229363679,542583.949409736,370476.392406811,1.06783385902576e-09,2.09195341181492e-09,1.56403392796616e-09
"Shaanxi","p_transmission","a3",12.0271357830428,18.512282433838,15.157382106609,10086499.9359507,10086499.9359507,10086499.9359507,3000707645.0651,3000707645.0651,3000707645.0651,62.315339655786,95.9164952387407,78.5337832228897,213.457718554983,328.556162070104,269.013359631691,1105.97323201898,1702.32685610137,1393.8183203922,2640445.00941119,2640445.00941119,2640445.00941119,2402804.95856418,2402804.95856418,2402804.95856418,735591.013391825,735591.013391825,735591.013391825,31284583.9247586,48153595.2726927,38209131.4326304,1762709.45518492,2713182.88561762,2152868.56340125,2.36003171562668e-10,3.63258825299792e-10,2.97426316181463e-10
"Shaanxi","p_transmission","a7",12.0271357830428,18.512282433838,15.157382106609,4418602.47487994,4418602.47487994,4418602.47487994,2143694121.7722,2143694121.7722,2143694121.7722,62.315339655786,95.9164952387407,78.5337832228897,213.457718554983,328.556162070104,269.013359631691,1105.97323201898,1702.32685610137,1393.8183203922,1156702.21855496,1156702.21855496,1156702.21855496,1052599.01888501,1052599.01888501,1052599.01888501,322241.044258351,322241.044258351,322241.044258351,22349587.6953849,34400745.2035633,27296458.0820982,1259272.92640007,1938287.52786253,1538001.1084723,5.38732775438394e-10,8.292237509371e-10,6.78945557146076e-10
"Shaanxi","suspect_bite_incidence","a2",54.8874352427736,63.0219342774864,58.8460028596279,10882408.7056658,10883820.6225643,10883111.0344871,2473046277.72906,2473262906.11658,2473152067.27743,403.949483944597,463.396677819116,433.578148099237,853.97815294556,981.847778528011,915.673280124361,6218.03290311121,7145.63957041467,6671.07096761922,2773986.53283174,2774345.80537449,2774165.60391931,2667217.82000116,2667564.50590763,2667389.91332425,772793.812235464,772893.900536058,772843.698933466,5336780.33551721,6122703.4676836,5704051.45674309,346091.66238503,397756.484189571,370727.890511416,1.4560170659406e-09,1.67050802999419e-09,1.56291371894555e-09
"Shaanxi","suspect_bite_incidence","a3",8.01945458375488,25.399144281736,15.0364895201311,10085649.4054283,10087729.5465388,10086489.2554027,3000560113.30006,3000899909.63407,3000705979.37952,41.5509356913546,131.598539433302,77.9074119460143,145.035595269182,429.287612447096,267.058126534059,751.468148992923,2224.23054899037,1383.68782764329,2640222.35744197,2640766.89699968,2640442.2134562,2402602.34527219,2403097.87626971,2402802.41424515,735528.985670329,735680.686767554,735590.23447791,22800861.8197532,72222198.1214844,38516309.352682,1349032.8665174,3993382.70511626,2168629.31033392,1.57344200802285e-10,4.98437334500884e-10,2.95054410011259e-10
"Shaanxi","suspect_bite_incidence","a7",8.01945458375488,25.399144281736,15.0364895201311,1933969.2027702,4106732.32976253,2752303.32445238,1768391295.14835,2101374954.2599,1899968556.28098,41.5509356913546,131.598539433302,77.9074119460143,145.035595269182,429.287612447096,267.058126534059,751.468148992923,2224.23054899037,1383.68782764329,506274.660411047,1075060.81930956,720498.252474444,460709.940974053,978305.345571702,655653.409751744,141041.032545272,299496.893408174,200720.726163845,13437772.9628574,50573468.9073953,24387519.8626487,795057.55190309,2796359.309541,1373119.36863463,3.86498465436029e-10,2.59935070276786e-09,1.0812991104205e-09
"Shandong","non_suspect_bite_incidence","a2",71.9184957249036,118.256365410165,95.3726531386626,39032386.4801269,52967933.9696063,46044266.6506858,6699583684.10124,8331923289.7075,7520919890.72028,886.966511038403,1458.44665033558,1176.20582546109,1108.6163573748,1822.90993094896,1470.15969824888,13664.2954040125,22468.3182781024,18120.2150907378,10841107.8346217,14711657.0551993,12788632.8492958,8675085.40544174,11772309.9296039,10233500.4760471,2107446.31640345,2859857.86158841,2486033.49410601,4593643.30026038,9393729.28517112,6394220.91603057,298179.133888746,609758.721057862,415056.877253328,6.02900480693938e-10,1.34529300195497e-09,9.1972757316733e-10
"Shandong","non_suspect_bite_incidence","a3",18.1904641414476,18.1912704266982,18.1908531307433,37365018.8321838,51152367.4157348,44219839.9883683,8181289649.87008,9826262711.14588,8999140600.21449,222.10750530928,222.108311594531,222.107922605235,322.844528001258,322.85883795944,322.851431786923,3941.96608506138,3941.98039501956,3941.9734912339,10799138.3908046,14783921.2184205,12780300.5746729,7883371.02528733,10792262.4894469,9329619.41951123,2099287.70834206,2873905.58133363,2484413.74991297,36834684.803716,44241020.5700299,40516972.5359558,2075426.26548996,2492731.41856391,2282902.36355639,1.50235855581088e-10,2.05672252319366e-10,1.73789279295506e-10
"Shandong","non_suspect_bite_incidence","a7",18.1904641414476,18.1912704266982,18.1908531307433,16367377.3321317,22405823.2284464,19369583.770135,5719450762.36837,6455901971.12671,6085601026.55456,222.10750530928,222.108311594531,222.107922605235,322.844528001258,322.85883795944,322.851431786923,3941.96608506138,3941.98039501956,3941.9734912339,4730455.87633863,6475671.4533082,5598145.59830493,3453232.7897272,4727240.16091499,4086646.2867626,919572.239624972,1258831.6764944,1088245.91543689,25750728.1979141,29066563.789175,27399297.4008894,1450907.9673746,1637736.55881826,1543795.52274708,3.42987606630063e-10,4.69528344414962e-10,3.96752672300069e-10
"Shandong","p_prevent","a2",70.9456075671288,118.728806850915,95.4985949695238,45963887.2318392,45976920.6905555,45970496.4624759,7511504651.81719,7513031325.30284,7512278823.6923,876.360264302716,1474.28075363624,1178.81092476611,1093.4604633269,1830.29958722392,1472.09941261469,13500.6991947218,22713.0448275072,18160.3507341392,12766307.7488861,12769927.7461279,12768143.4394113,10215635.8670335,10218532.5991498,10217104.7918267,2481693.62853696,2482397.3342808,2482050.47576091,5095029.9888881,8572994.04290157,6372759.75804416,330713.240292653,556492.016964582,413663.752075566,6.86268772795871e-10,1.15482156833081e-09,9.23243798411202e-10
"Shandong","p_prevent","a3",17.6116556097376,18.8021404116535,18.1870974604083,44157734.1294821,44157734.1294821,44157734.1294821,8991730729.9123,8991730729.9123,8991730729.9123,221.496635324325,222.687120126241,222.11167827557,312.571828757855,333.700564175413,322.784776114632,3931.12435884541,3952.25309426297,3942.04014690619,12762350.9044746,12762350.9044746,12762350.9044746,9316516.16026646,9316516.16026646,9316516.16026646,2480924.44172443,2480924.44172443,2480924.44172443,40378315.2111129,40595337.7880717,40482926.4256714,2275089.80711902,2287317.80252132,2280984.0577015,1.7355472904813e-10,1.74487539006755e-10,1.7403664884163e-10
"Shandong","p_prevent","a7",17.6116556097376,18.8021404116535,18.1870974604083,19342383.2633475,19342383.2633475,19342383.2633475,6082283642.17347,6082283642.17347,6082283642.17347,221.496635324325,222.687120126241,222.11167827557,312.571828757855,333.700564175413,322.784776114632,3931.12435884541,3952.25309426297,3942.04014690619,5590284.18015825,5590284.18015825,5590284.18015825,4080907.45151552,4080907.45151552,4080907.45151552,1086717.70291768,1086717.70291768,1086717.70291768,27313136.200807,27459936.9569092,27383898.4487222,1538940.82618404,1547212.21893877,1542927.87884136,3.9621712990994e-10,3.98346690346495e-10,3.97317329705558e-10
"Shandong","p_transmission","a2",64.8730036911769,127.026293792843,94.9932391242763,45964185.1122352,45977077.2442353,45970368.569022,7511539544.02135,7513049663.20971,7512263842.89946,800.050747050829,1566.60176004505,1171.52668461116,1000.01064681436,1958.09746631141,1464.31107048838,12325.3017315383,24134.5180397034,18048.1298848024,12766390.4841167,12769971.228361,12768107.917455,10215702.0720009,10218567.3937567,10217076.367056,2481709.71176937,2482405.78696601,2482043.57050575,4794798.35628765,9390716.39005967,6412371.08943263,311236.35995814,609563.143106277,416235.027720253,6.26509435881881e-10,1.2271297529197e-09,9.1754133986414e-10
"Shandong","p_transmission","a3",14.4643410629218,22.263624235108,18.2289243597581,44157734.1294821,44157734.1294821,44157734.1294821,8991730729.9123,8991730729.9123,8991730729.9123,176.608038936939,271.837140654878,222.572768599712,256.713260695095,395.135011503277,323.527120316152,3134.44112961961,4824.56811907121,3950.22358229882,12762350.9044746,12762350.9044746,12762350.9044746,9316516.16026646,9316516.16026646,9316516.16026646,2480924.44172443,2480924.44172443,2480924.44172443,33077638.7224,50913484.9355467,40399060.4353023,1863737.95705538,2868687.06671275,2276258.68323119,1.38382058492859e-10,2.12999268465162e-10,1.74397938330998e-10
"Shandong","p_transmission","a7",14.4643410629218,22.263624235108,18.2289243597581,19342383.2633475,19342383.2633475,19342383.2633475,6082283642.17347,6082283642.17347,6082283642.17347,176.608038936939,271.837140654878,222.572768599712,256.713260695095,395.135011503277,323.527120316152,3134.44112961961,4824.56811907121,3950.22358229882,5590284.18015825,5590284.18015825,5590284.18015825,4080907.45151552,4080907.45151552,4080907.45151552,1086717.70291768,1086717.70291768,1086717.70291768,22374733.7377105,34439449.5221435,27327168.9094735,1260689.76373877,1940468.29742551,1539731.48999174,3.15919608458867e-10,4.86267123270258e-10,3.98142136297284e-10
"Shandong","suspect_bite_incidence","a2",88.4743256844343,101.506989622481,94.9252415718275,45968588.9240694,45972073.175781,45970320.8260574,7512055937.03528,7512471087.35173,7512258375.39467,1090.64561836243,1251.72313537228,1170.68575584876,1365.26887759691,1567.7491075432,1463.31824375505,16826.8609656228,19321.8309717876,18035.8613474496,12767610.1859073,12768585.5534688,12768094.7102325,10216682.4990314,10217452.6202027,10217065.7027962,2481946.81447927,2482136.42008101,2482041.00310093,6001371.8087915,6888095.41877722,6416972.56318644,388785.925516265,446457.072575787,416517.86020505,8.54163222539667e-10,9.80389530339754e-10,9.16883671696579e-10
"Shandong","suspect_bite_incidence","a3",9.6444456125677,30.5461104388282,18.0835336493918,44155545.9025305,44160897.6456146,44157706.6507938,8991436423.26521,8992114272.67434,8991727407.08663,117.759606832382,372.963741860975,220.797568369018,174.424319740029,516.281480780406,321.175670818357,2129.73768941427,6303.69622367737,3921.51273009135,12761718.4689395,12763265.2154956,12762342.9626572,9316054.4823258,9317183.60731175,9316510.36273974,2480801.50005102,2481102.17830104,2480922.89788278,24108071.1449341,76359920.9826985,40723851.5963129,1426375.27320755,4222169.85564424,2292923.17173663,9.2264483142929e-11,2.92251974347127e-10,1.73007079511243e-10
"Shandong","suspect_bite_incidence","a7",9.6444456125677,30.5461104388282,18.0835336493918,8464942.74053708,17976534.5314402,12046963.9211995,4808328778.78644,5938574107.51548,5254893444.23302,117.759606832382,372.963741860975,220.797568369018,174.424319740029,516.281480780406,321.175670818357,2129.73768941427,6303.69622367737,3921.51273009135,2446515.24292979,5195530.2113989,3481781.48011547,1785956.12733875,3792737.0543212,2541700.48048429,475587.884134094,1009979.89991468,676837.429045567,12892215.0844861,50429635.9953748,23799598.3517832,762779.266032179,2788406.35493883,1340016.9286485,2.26655609804789e-10,1.52446931585162e-09,6.34151136795913e-10
"Tianjin","non_suspect_bite_incidence","a2",12.6006114980076,20.719316684242,16.7098832008297,4914879.29649299,6669763.982868,5797876.48908346,881648296.198367,1113643212.5323,998380102.800017,91.9192692181309,151.143638694306,121.894047371693,196.2221778195,322.65016604116,260.213497663077,1414.0470038238,2325.12955410429,1875.16626287945,1245196.62357341,1689800.92703902,1468906.10991278,1212243.02467309,1645081.06439498,1430032.13462895,160022.708488666,217159.696735639,188772.061997111,5833181.62652901,12115448.9369313,8190556.67054555,379182.439379384,787557.421727031,532422.17640314,5.43965077467425e-10,1.21381343181418e-09,8.29828717772379e-10
"Tianjin","non_suspect_bite_incidence","a3",4.68386785013678,4.68397754044801,4.68392076981611,4518336.04701128,6185581.15171824,5347260.25582727,1007747665.10388,1229848227.26113,1118172060.55961,21.5089436119709,21.5090533022821,21.5090003826028,83.1293304854345,83.1312772701057,83.1302697043989,381.740932733592,381.742879518264,381.741940299299,1158547.70436187,1586046.44915852,1371092.37328904,1100620.31914377,1506744.1267006,1302537.75462459,148887.282582952,203826.00127426,176201.823076122,46852255.6963007,57178457.9218783,51986240.2096577,2639859.7568489,3221682.87915672,2929130.76221838,1.35613579434464e-10,1.856553098444e-10,1.56874918142867e-10
"Tianjin","non_suspect_bite_incidence","a7",4.68386785013678,4.68397754044801,4.68392076981611,1979181.05367085,2709384.49342909,2342225.03974553,675385429.816571,774819415.283882,724822214.786108,21.5089436119709,21.5090533022821,21.5090003826028,83.1293304854345,83.1312772701057,83.1302697043989,381.740932733592,381.742879518264,381.741940299299,507482.321454064,694713.972674127,600570.523011675,482108.20538136,659978.27404042,570541.996861091,65217.5680947046,89279.0820562974,77180.5190532764,31400053.7506183,36023127.3679408,33698554.1816425,1769215.52713404,2029699.59164586,1898723.03320359,3.09608622512335e-10,4.23838474622196e-10,3.58142791869667e-10
"Tianjin","p_prevent","a2",12.4537599861623,20.9532472400585,16.7376688784693,5787836.48930891,5789314.87240735,5788586.17326308,997052819.63106,997248261.169692,997151927.491293,90.8390456386816,152.559036620358,122.163949207927,193.961769753576,326.241662127395,260.647705178561,1397.4303067925,2346.90868750312,1879.3183314491,1466362.45155094,1466737.0035046,1466552.38580409,1427555.79310352,1427920.43269907,1427740.70082746,188445.171373715,188493.305794384,188469.580204455,6535521.2101412,10978189.5456753,8162407.43653521,424836.647859456,713630.051046097,530592.348728068,6.19327428309451e-10,1.04039104696796e-09,8.33000923734113e-10
"Tianjin","p_prevent","a3",4.62635027520823,4.74164740881972,4.68332470943516,5339750.05989844,5339750.05989844,5339750.05989844,1117171596.54085,1117171596.54085,1117171596.54085,21.4512737435992,21.5665708772107,21.5095964429837,82.1085080267443,84.1548026342518,83.1196908191737,380.717407369446,382.763701976954,381.752519184524,1369166.68202524,1369166.68202524,1369166.68202524,1300708.34792398,1300708.34792398,1300708.34792398,175954.348640428,175954.348640428,175954.348640428,51801076.902836,52079499.3292277,51938287.1502113,2918697.85659069,2934385.38642063,2926428.87839295,1.56673939157422e-10,1.57516036289386e-10,1.5709991139404e-10
"Tianjin","p_prevent","a7",4.62635027520823,4.74164740881972,4.68332470943516,2338935.7987785,2338935.7987785,2338935.7987785,724374309.009845,724374309.009845,724374309.009845,21.4512737435992,21.5665708772107,21.5095964429837,82.1085080267443,84.1548026342518,83.1196908191737,380.717407369446,382.763701976954,381.752519184524,599727.127891922,599727.127891922,599727.127891922,569740.771497326,569740.771497326,569740.771497326,77072.1326596467,77072.1326596467,77072.1326596467,33587829.6616589,33768358.824193,33676796.8162476,1892484.33241839,1902656.13021187,1897497.12865604,3.57683898992559e-10,3.59606392210712e-10,3.58656386256718e-10
"Tianjin","p_transmission","a2",11.3661225416936,22.2558566192605,16.6434077126678,5787870.2778337,5789332.63026574,5788571.66632945,997057286.457879,997250608.75008,997150009.681605,82.9118426141685,162.352100451798,121.409132914987,176.998133724993,346.577823494908,259.178312874948,1275.48057901702,2497.55577023732,1867.70654479163,1466371.01195587,1466741.50250122,1466548.71043717,1427564.12696097,1427924.81263165,1427737.12272756,188446.271488473,188493.883969437,188469.107875701,6141326.68245891,12027842.7943135,8213138.38374767,399213.222118815,781862.636841274,533890.086995893,5.65279174774695e-10,1.10716932568961e-09,8.27856122684095e-10
"Tianjin","p_transmission","a3",3.72439289149164,5.73262040314673,4.69372365460885,5339750.05989844,5339750.05989844,5339750.05989844,1117171596.54085,1117171596.54085,1117171596.54085,17.1027784846963,26.3247969600335,21.5540162173011,66.1005599304792,101.742600621581,83.3042513955397,303.540272775198,467.212743072732,382.540881755259,1369166.68202524,1369166.68202524,1369166.68202524,1300708.34792398,1300708.34792398,1300708.34792398,175954.348640428,175954.348640428,175954.348640428,42437994.8015155,65321058.6537447,51831249.6974052,2391141.10885229,3680472.40099909,2920397.92300054,1.24913779375629e-10,1.9226875226831e-10,1.5742434066113e-10
"Tianjin","p_transmission","a7",3.72439289149164,5.73262040314673,4.69372365460885,2338935.7987785,2338935.7987785,2338935.7987785,724374309.009845,724374309.009845,724374309.009845,17.1027784846963,26.3247969600335,21.5540162173011,66.1005599304792,101.742600621581,83.3042513955397,303.540272775198,467.212743072732,382.540881755259,599727.127891922,599727.127891922,599727.127891922,569740.771497326,569740.771497326,569740.771497326,77072.1326596467,77072.1326596467,77072.1326596467,27516805.1669913,42354188.8037678,33607393.7082965,1550416.42110579,2386419.11462706,1893586.6558526,2.85176002373174e-10,4.38946242978316e-10,3.59397052674018e-10
"Tianjin","suspect_bite_incidence","a2",15.5096231820527,17.8141537436992,16.631293966872,5788368.7997887,5788765.87747959,5788566.27818927,997123241.839889,997176562.018854,997149312.161541,113.041584108473,129.678293174672,121.322172351218,241.40841283084,277.782680925889,258.998088339927,1739.43756466572,1999.23463031513,1866.4412610723,1466497.27485918,1466597.86950308,1466547.34494007,1427687.12503517,1427785.06923671,1427735.79415457,188462.497786703,188475.42540558,188468.932392938,7689207.01706648,8821325.08919886,8219019.59746379,498752.485936439,573275.282927725,534251.644002268,7.7077422829459e-10,8.84272309248744e-10,8.2726393232246e-10
"Tianjin","suspect_bite_incidence","a3",2.48334857897822,7.86524765006206,4.65628734740917,5339511.70671328,5340094.6467092,5339747.06677523,1117135803.31501,1117218242.55731,1117171192.42273,11.4038741825149,36.1179144261602,21.3821052778042,44.9125231212107,132.935758105647,82.6987824311165,206.244410160218,610.4520743854,379.760513996706,1369105.56582392,1369255.03761774,1369165.91455775,1300650.28753272,1300792.28573686,1300707.61882986,175946.494475163,175965.703394331,175954.250011646,30930241.1577193,97968306.6190166,52247951.1679523,1830013.9358847,5416962.53338169,2941778.17663376,8.3285245401438e-11,2.6380664375157e-10,1.56168840097884e-10
"Tianjin","suspect_bite_incidence","a7",2.48334857897822,7.86524765006206,4.65628734740917,1023588.00142278,2173762.54213804,1456732.26514131,552369934.681741,704970099.420492,612661990.313089,11.4038741825149,36.1179144261602,21.3821052778042,44.9125231212107,132.935758105647,82.6987824311165,206.244410160218,610.4520743854,379.760513996706,262458.461903278,557375.010804625,373521.093625977,249335.538808114,529506.260264393,354845.038944679,33729.0618561141,71629.3773885239,48001.9427840616,15293516.9003462,61818473.9797809,28653024.6836389,904853.890844525,3418129.48468687,1613285.13031874,2.04599667395427e-10,1.37613831020127e-09,5.7244706236631e-10
